Id,cytoplasm,nucleus,extracellular,cell_surface,mitochondrion,endom
5,0,0,0,0,0,1
9,1,0,0,0,0,0
14,0,0,0,0,0,1
15,0,0,0,0,0,1
17,1,0,0,0,0,0
18,0,0,0,0,0,0
25,1,0,0,0,0,0
28,0,0,0,1,0,0
31,0,0,0,0,0,0
39,0,0,0,0,0,0
53,0,0,0,0,0,0
54,1,0,0,0,0,0
56,1,0,0,0,0,0
57,0,0,0,0,0,0
61,0,0,0,0,0,0
62,1,0,0,0,0,0
68,0,0,0,1,0,0
71,0,0,0,0,0,0
84,0,0,0,1,0,0
92,1,0,0,0,0,0
95,0,0,0,0,0,0
96,0,0,0,0,0,0
115,0,0,0,0,0,0
129,0,0,0,0,0,0
133,0,0,0,0,0,0
134,0,0,0,0,0,0
135,0,0,0,0,0,0
140,0,0,0,0,0,0
142,0,0,0,0,0,1
143,0,0,0,0,0,0
150,0,0,0,1,0,0
155,0,0,0,0,0,0
156,0,0,0,0,0,0
163,0,0,0,0,0,0
164,1,0,0,0,0,0
167,0,0,0,1,0,0
170,0,0,0,0,0,1
174,0,0,0,0,0,0
176,0,0,0,0,0,0
177,0,0,0,0,0,0
180,1,0,0,0,0,0
189,0,0,0,0,0,0
191,0,0,0,0,0,0
192,0,0,0,0,0,0
200,0,0,0,0,0,0
202,0,0,0,0,0,0
203,0,0,0,0,0,1
204,0,0,0,0,0,0
225,0,0,0,0,0,0
227,0,0,0,0,0,0
236,0,0,0,0,0,0
267,1,0,0,0,0,0
280,0,0,0,0,0,0
281,0,0,0,0,0,0
302,0,0,0,0,0,1
303,0,0,0,1,0,0
310,1,0,0,0,0,0
311,1,0,0,0,0,0
312,1,0,0,0,0,0
322,0,0,0,1,0,0
335,0,0,0,0,0,0
341,0,0,0,1,0,0
344,0,1,0,0,0,0
366,0,0,0,0,0,0
367,0,0,0,0,0,0
378,0,0,0,0,0,0
382,0,0,0,0,0,0
391,0,0,0,1,0,0
392,0,0,0,1,0,0
398,0,0,0,0,0,0
402,0,0,0,0,0,1
407,0,0,0,0,0,1
427,1,0,0,0,0,0
429,0,0,0,0,0,0
431,0,1,0,0,0,0
434,0,0,0,0,0,0
436,0,0,0,0,0,0
439,0,0,0,0,0,0
441,0,0,0,1,0,0
442,0,0,0,0,0,0
446,0,0,0,0,0,0
449,0,0,0,0,0,0
452,0,0,1,0,0,0
453,0,0,0,1,0,0
454,0,0,0,1,0,0
462,1,0,0,0,0,0
465,0,0,0,0,0,0
466,1,0,0,0,0,0
474,0,0,0,0,0,0
475,0,0,0,0,0,0
476,0,0,0,0,0,1
480,0,0,0,1,0,0
486,1,0,0,0,0,0
502,0,0,0,0,0,1
503,0,0,0,0,0,0
508,0,0,0,0,0,0
519,0,0,0,0,0,0
524,0,0,0,1,0,0
525,0,0,0,0,0,0
528,0,0,0,1,0,0
533,0,0,0,1,0,0
539,0,0,0,0,0,1
546,0,0,0,1,0,0
552,0,0,0,0,0,0
554,0,0,0,1,0,0
556,0,0,0,1,0,0
578,0,0,0,0,0,0
590,1,0,0,0,0,0
593,0,0,0,1,0,0
596,1,0,0,0,0,0
617,0,0,0,1,0,0
631,0,0,0,1,0,0
634,0,0,0,0,0,0
641,0,0,0,0,0,0
650,1,0,0,0,0,0
652,1,0,0,0,0,0
653,1,0,0,0,0,0
670,0,0,0,0,0,0
675,0,0,0,0,0,0
676,0,0,0,0,0,0
682,0,0,0,0,0,0
688,0,0,0,0,0,0
694,1,0,0,0,0,0
696,0,0,0,0,0,1
710,0,0,0,0,0,0
712,0,0,0,0,0,0
713,0,0,0,0,0,1
715,0,0,0,0,0,0
717,0,0,0,1,0,0
723,1,0,0,0,0,0
726,0,0,0,0,0,0
741,0,0,0,0,0,0
744,0,0,1,0,0,0
746,0,0,0,0,0,0
748,0,0,0,0,0,1
759,0,0,0,0,0,1
768,1,0,0,0,0,0
773,0,0,0,0,0,0
779,0,0,0,0,0,0
787,1,0,0,0,0,0
791,1,0,0,0,0,0
797,0,0,0,0,0,0
799,0,0,0,0,0,0
817,0,0,0,0,0,1
823,0,0,0,0,0,0
825,0,0,0,0,0,0
827,0,0,0,0,0,0
829,0,0,0,0,0,1
831,0,0,0,0,0,0
834,0,0,0,0,0,0
835,0,0,0,0,0,0
838,1,0,0,0,0,0
848,0,0,0,0,0,1
863,1,0,0,0,0,0
865,0,0,0,0,0,0
882,0,0,0,0,0,0
888,1,0,0,0,0,0
889,0,0,0,0,0,0
893,0,0,0,0,0,0
900,0,0,0,0,0,1
905,0,0,0,0,0,1
912,0,0,0,0,0,0
917,1,0,0,0,0,0
929,0,0,0,0,0,0
931,0,0,0,0,0,1
934,0,0,0,0,0,0
948,0,0,0,1,0,0
950,0,0,0,0,0,0
952,0,0,0,0,0,1
962,1,0,0,0,0,0
965,0,0,0,0,0,0
966,0,0,0,0,0,0
971,0,0,0,0,0,0
975,0,0,0,1,0,0
982,0,0,0,0,0,0
983,0,0,0,1,0,0
987,0,0,0,0,0,0
989,1,0,0,0,0,0
991,0,0,0,0,0,0
994,0,0,0,0,0,0
1006,0,0,0,1,0,0
1011,1,0,0,0,0,0
1012,1,0,0,0,0,0
1013,1,0,0,0,0,0
1015,1,0,0,0,0,0
1016,1,0,0,0,0,0
1017,1,0,0,0,0,0
1018,1,0,0,0,0,0
1021,0,0,0,0,0,1
1029,0,0,0,1,0,0
1031,0,0,0,0,0,0
1040,0,0,0,0,0,0
1045,0,0,0,0,0,0
1047,0,0,0,0,0,0
1052,1,0,0,0,0,0
1057,0,0,0,0,0,1
1062,0,0,0,0,0,0
1066,0,0,0,1,0,0
1068,0,0,0,0,0,0
1070,0,0,0,0,0,0
1074,0,0,0,1,0,0
1080,1,0,0,0,0,0
1083,0,0,0,1,0,1
1086,0,0,0,0,0,1
1091,0,0,0,0,0,0
1106,0,0,0,1,0,0
1108,0,0,0,0,0,1
1113,1,0,0,0,0,0
1123,1,0,0,0,0,0
1139,0,1,0,0,0,0
1140,0,0,0,0,0,0
1167,0,0,0,0,0,0
1169,0,0,0,0,0,0
1190,0,0,0,0,0,1
1191,0,0,0,0,0,1
1192,0,0,0,1,0,0
1194,0,0,0,0,0,0
1195,0,0,0,0,0,0
1198,0,0,0,0,0,0
1200,1,0,0,0,0,0
1206,0,0,0,1,0,0
1236,0,1,0,0,0,0
1239,1,0,0,0,0,0
1243,0,0,0,0,0,0
1256,0,0,0,0,0,1
1259,0,0,0,0,0,0
1264,0,0,0,0,0,0
1267,0,0,0,0,0,0
1285,0,0,0,0,0,1
1301,1,0,0,0,0,0
1314,0,0,0,1,0,0
1319,0,0,0,0,0,0
1325,0,0,0,0,0,0
1326,1,0,0,0,0,0
1327,1,1,0,0,0,0
1330,0,0,0,0,0,0
1339,0,1,0,0,0,0
1344,0,1,0,0,0,0
1350,0,0,0,1,0,0
1353,0,0,0,0,0,0
1354,0,0,0,0,0,0
1360,0,1,0,0,0,0
1364,1,0,0,0,0,0
1368,0,0,0,0,0,0
1369,0,0,0,0,0,0
1370,0,0,0,1,0,0
1375,0,0,0,0,0,0
1385,0,0,0,1,0,0
1387,1,0,0,0,0,0
1388,0,0,0,0,0,1
1390,0,0,0,0,0,1
1398,0,0,0,0,0,0
1415,0,1,0,0,0,0
1417,1,0,0,0,0,0
1418,0,0,0,1,0,0
1421,0,0,0,0,0,1
1426,0,0,0,0,0,0
1427,0,0,0,0,0,0
1429,0,0,0,0,0,0
1439,1,0,0,0,0,0
1444,0,0,0,0,0,0
1448,0,0,0,1,0,1
1458,0,0,0,0,0,0
1464,0,0,0,1,0,0
1466,0,0,0,1,0,0
1477,0,0,0,0,0,0
1490,0,0,0,0,0,0
1520,0,0,0,0,0,0
1521,0,0,0,0,0,1
1523,0,0,0,0,0,0
1531,0,0,0,0,0,0
1542,0,0,0,0,0,1
1546,0,0,0,0,0,0
1548,1,0,0,0,0,0
1549,0,0,0,0,0,0
1555,0,0,0,0,0,0
1568,0,0,0,0,0,1
1580,0,0,0,0,0,0
1587,0,0,0,0,0,0
1588,1,0,0,0,0,0
1592,1,0,0,0,0,0
1593,1,0,0,0,0,0
1595,0,0,0,0,0,0
1619,0,0,0,0,0,0
1622,0,0,0,0,0,0
1628,0,0,0,0,0,0
1635,0,0,0,0,0,0
1639,1,0,0,0,0,0
1642,1,0,0,0,0,0
1643,0,1,0,0,0,0
1664,0,0,0,0,0,0
1665,1,0,0,0,0,0
1675,0,0,0,1,0,0
1677,0,0,0,0,0,0
1679,0,0,0,0,0,0
1690,0,0,0,0,0,0
1693,0,0,0,0,0,0
1697,0,0,0,0,0,0
1698,0,0,0,0,0,1
1701,0,0,0,0,0,0
1703,0,0,0,0,0,1
1705,0,0,0,0,0,0
1707,0,0,0,0,0,0
1708,0,0,0,0,0,0
1711,0,0,0,0,0,0
1723,0,0,0,0,0,0
1725,0,0,0,0,0,1
1753,1,0,0,0,0,0
1756,1,0,0,0,0,0
1757,0,0,0,1,0,0
1762,0,0,0,0,0,1
1766,0,0,0,1,0,0
1787,0,0,0,0,0,0
1790,1,0,0,0,0,0
1798,0,0,0,1,0,0
1808,0,0,0,0,0,0
1809,0,0,0,0,0,1
1813,0,0,0,0,0,0
1833,0,0,0,0,0,0
1835,0,0,0,0,0,0
1841,0,0,0,0,0,0
1845,0,0,0,0,0,0
1850,0,0,0,0,0,0
1851,0,0,0,0,0,0
1853,0,0,0,0,0,0
1855,0,0,0,0,0,0
1857,0,0,0,0,0,0
1863,1,0,0,0,0,0
1872,0,0,0,0,0,0
1878,0,0,1,0,0,0
1881,0,0,0,1,0,0
1882,0,0,0,0,0,0
1884,0,0,0,0,0,0
1890,0,0,0,1,0,0
1895,0,0,0,0,0,0
1914,0,0,0,0,0,0
1916,0,0,0,0,0,0
1932,0,0,0,1,0,0
1968,1,0,0,0,0,0
1969,0,0,0,0,0,0
1977,0,0,0,0,0,0
1979,0,0,0,1,0,0
1984,0,0,0,0,0,0
2015,0,0,0,0,0,0
2016,0,0,0,0,0,1
2018,0,0,0,1,0,0
2028,0,0,0,0,0,0
2033,0,0,0,0,0,0
2044,1,0,0,0,0,0
2050,0,0,0,0,0,0
2051,1,0,0,0,0,0
2052,0,0,0,0,0,0
2054,0,0,0,0,0,0
2059,0,0,0,0,0,0
2069,0,0,0,0,0,0
2076,1,0,0,0,0,0
2078,1,0,0,0,0,0
2086,1,0,0,0,0,0
2102,1,0,0,0,0,0
2108,0,0,0,0,0,0
2109,0,0,0,0,0,0
2111,0,0,0,0,0,1
2116,1,1,0,0,0,0
2133,0,0,0,0,0,0
2143,0,0,0,0,0,0
2144,0,0,0,0,0,0
2147,0,0,0,0,0,0
2148,0,1,0,0,0,0
2152,0,0,0,1,0,0
2153,0,0,0,0,0,0
2158,0,0,0,1,0,0
2162,0,0,0,0,0,1
2165,1,0,0,0,0,0
2167,0,1,0,0,0,0
2170,0,0,0,0,0,0
2171,0,0,0,0,0,0
2172,0,0,0,0,0,0
2178,0,0,0,0,0,0
2181,0,0,0,0,0,0
2182,0,0,0,0,0,0
2200,0,0,0,0,0,0
2202,0,0,0,0,0,0
2203,0,0,0,0,0,0
2204,0,0,0,0,0,0
2205,0,0,0,0,0,0
2206,0,0,0,1,0,0
2207,0,1,0,0,0,0
2208,0,0,0,0,0,0
2215,0,0,0,0,0,1
2216,1,0,0,0,0,0
2217,0,0,0,0,0,0
2230,0,0,0,0,0,1
2234,0,1,0,0,0,0
2235,1,0,0,0,0,0
2238,0,0,0,0,0,0
2242,0,0,0,0,0,0
2245,0,0,0,0,0,0
2246,0,0,0,0,0,0
2256,0,0,0,0,0,0
2263,0,0,0,0,0,0
2265,0,0,0,0,0,0
2269,0,0,0,0,0,0
2280,0,0,0,0,0,0
2283,1,0,0,0,0,0
2284,1,0,0,0,0,0
2288,0,0,0,0,0,0
2290,1,0,0,0,0,0
2291,0,0,0,0,0,0
2299,1,0,0,0,0,0
2309,0,0,0,0,0,0
2311,0,0,0,0,0,0
2312,0,0,0,0,0,0
2313,0,0,0,0,0,0
2314,0,0,0,0,0,0
2316,0,0,0,0,0,0
2317,1,0,0,0,0,0
2334,1,0,0,0,0,0
2344,0,0,0,0,0,1
2348,0,0,0,0,0,1
2352,0,0,0,0,0,0
2357,1,0,0,0,0,0
2364,0,0,0,0,0,0
2366,0,0,0,0,0,0
2371,0,0,0,1,0,0
2376,0,0,0,0,0,0
2379,0,0,0,0,0,0
2386,0,0,0,0,0,0
2388,0,0,0,0,0,0
2392,0,0,0,0,0,0
2393,0,0,0,0,0,0
2396,0,0,0,0,0,0
2399,0,0,0,0,0,0
2408,1,1,0,0,0,0
2409,0,0,0,1,0,0
2413,0,0,0,0,0,0
2422,0,0,0,0,0,0
2437,0,0,0,0,0,0
2440,0,0,0,0,0,0
2452,1,0,0,0,0,0
2457,0,0,0,0,0,1
2462,0,0,0,1,0,0
2464,0,0,0,0,0,0
2472,0,0,0,1,0,0
2473,0,0,0,0,0,0
2475,0,0,0,0,0,0
2479,0,0,0,0,0,0
2480,1,0,0,0,0,0
2491,1,0,0,0,0,0
2502,0,0,0,0,0,0
2504,0,0,0,1,0,0
2512,0,0,0,0,0,0
2521,0,0,0,0,0,0
2523,0,0,0,0,0,0
2551,0,0,0,0,0,0
2552,1,0,0,0,0,0
2555,0,0,0,1,0,1
2565,0,0,0,1,0,0
2568,0,0,0,0,0,0
2570,0,0,0,0,0,1
2578,0,0,0,0,0,1
2579,1,1,0,0,0,0
2598,0,0,0,0,0,0
2600,0,0,0,0,0,1
2621,0,0,0,0,0,0
2627,0,0,0,0,0,0
2628,0,0,0,0,0,0
2630,0,0,0,0,0,0
2635,0,0,0,0,0,0
2646,0,0,0,0,0,0
2647,0,0,0,0,0,0
2653,0,0,0,1,0,0
2657,0,0,0,0,0,0
2661,0,0,0,0,0,1
2674,0,0,0,0,0,0
2675,0,0,0,0,0,0
2677,0,0,0,0,0,0
2680,1,1,0,0,0,0
2682,0,0,0,0,0,0
2685,1,0,0,0,0,0
2687,0,1,0,0,0,0
2692,0,0,0,0,0,0
2695,0,0,0,0,0,0
2697,0,0,0,0,0,0
2701,0,0,0,0,0,0
2702,0,0,0,0,0,0
2703,1,0,0,0,0,0
2709,1,1,0,0,0,0
2711,0,0,0,0,0,0
2712,1,0,0,0,0,0
2716,0,1,0,0,0,0
2719,1,1,0,0,0,0
2724,0,0,0,0,0,0
2725,1,0,0,0,0,0
2730,0,1,0,0,0,0
2732,0,0,0,0,0,0
2733,0,0,0,0,0,0
2734,0,0,0,0,0,0
2737,0,0,0,1,0,0
2739,0,0,0,1,0,0
2746,0,0,0,0,0,0
2752,0,0,0,0,0,0
2757,0,0,0,0,0,0
2762,0,0,0,0,0,0
2772,1,0,0,0,0,0
2776,0,1,0,0,0,0
2780,0,0,0,0,0,0
2785,0,1,0,0,0,0
2786,0,0,0,0,0,0
2796,0,1,0,0,0,0
2801,1,0,0,0,0,0
2808,0,0,0,0,0,0
2810,0,0,0,0,0,0
2812,1,0,0,0,0,0
2813,1,0,0,0,0,0
2820,0,0,0,0,0,0
2823,1,1,0,0,0,0
2825,0,1,0,0,0,0
2826,0,0,1,0,0,0
2827,0,1,0,0,0,0
2837,0,1,0,0,0,0
2847,0,0,0,0,0,0
2849,0,1,0,0,0,0
2869,0,0,0,0,0,0
2870,0,0,0,0,0,0
2874,0,0,0,0,0,0
2885,0,0,1,0,0,0
2892,0,0,0,0,0,0
2893,0,0,0,0,0,0
2896,1,0,0,0,0,0
2897,0,0,0,1,0,0
2899,1,0,0,0,0,0
2900,0,1,0,0,0,0
2902,0,0,0,0,0,0
2913,0,0,0,0,0,0
2915,0,1,0,0,0,0
2917,1,0,0,0,0,0
2919,1,1,0,0,0,0
2921,0,0,0,0,0,0
2922,0,1,0,0,0,0
2938,0,1,0,0,0,0
2947,0,0,0,0,0,0
2952,0,0,0,0,0,0
2954,1,0,0,0,0,0
2959,1,0,0,0,0,0
2961,1,0,0,0,0,0
2963,0,1,0,0,0,0
2971,0,0,0,0,0,0
2975,0,1,0,0,0,0
2989,0,1,0,0,0,0
2993,1,0,0,0,0,0
2994,0,0,0,0,0,0
3003,0,1,0,0,0,0
3005,1,0,0,0,0,0
3010,1,0,0,0,0,0
3018,0,1,0,0,0,0
3019,0,1,0,0,0,0
3022,0,1,0,0,0,0
3026,0,0,0,0,0,0
3034,1,0,0,0,0,0
3035,1,0,0,0,0,0
3038,0,0,0,0,0,0
3042,0,0,0,0,0,0
3050,0,0,0,0,0,0
3068,0,0,0,1,0,0
3075,0,0,0,0,0,0
3077,0,0,0,0,0,0
3079,0,1,0,0,0,0
3082,1,0,0,0,0,0
3084,0,0,0,0,0,0
3103,0,1,0,0,0,0
3110,0,0,0,1,0,0
3117,0,1,0,0,0,0
3123,0,0,0,0,0,0
3125,0,0,0,0,0,0
3126,0,1,0,0,0,0
3127,0,0,0,0,0,0
3138,0,1,0,0,0,0
3142,0,0,0,0,0,0
3143,0,0,0,0,0,0
3156,1,0,0,0,0,0
3162,0,0,0,0,0,0
3166,0,0,0,0,0,0
3176,0,1,0,0,0,0
3178,0,0,0,0,0,0
3188,0,0,0,0,0,0
3190,1,1,0,0,0,0
3193,0,0,0,0,0,0
3194,0,0,0,0,0,0
3208,1,0,0,0,0,0
3209,0,1,0,0,0,0
3211,0,1,0,0,0,0
3216,1,0,0,0,0,0
3220,1,0,0,0,0,0
3228,0,0,0,0,0,0
3229,0,0,0,0,0,0
3230,0,0,1,0,0,0
3231,0,0,0,0,0,0
3233,0,0,0,0,0,0
3236,0,0,0,0,0,0
3241,0,0,0,1,0,0
3242,0,0,0,0,0,0
3247,0,0,1,0,0,0
3256,1,1,0,0,0,0
3257,0,0,0,1,0,0
3260,0,1,0,0,0,0
3261,0,1,0,0,0,0
3264,1,1,0,0,0,0
3271,0,0,0,0,0,0
3287,0,0,0,0,0,0
3302,0,1,0,0,0,0
3314,0,1,0,0,0,0
3317,1,1,0,0,0,0
3322,0,1,0,0,0,0
3329,0,0,0,0,0,0
3337,0,1,0,0,0,0
3340,0,1,0,0,0,0
3353,0,0,0,0,0,1
3358,0,1,0,0,0,0
3361,0,0,0,0,0,0
3362,0,1,0,0,0,0
3370,0,1,0,0,0,0
3372,1,0,0,0,0,0
3379,0,1,0,0,0,0
3382,1,0,0,0,0,0
3396,0,0,1,0,0,0
3402,0,1,0,0,0,0
3413,0,1,0,0,0,0
3414,1,0,0,0,0,0
3423,1,0,0,0,0,0
3424,1,0,0,0,0,0
3436,1,0,0,0,0,0
3439,0,1,0,0,0,0
3443,0,0,0,0,0,0
3450,0,0,0,0,0,0
3452,0,0,1,0,0,0
3457,0,0,0,0,0,0
3464,0,0,0,0,0,0
3475,0,1,0,0,0,0
3476,0,0,0,0,0,0
3481,0,0,0,0,0,0
3482,0,0,0,0,0,0
3494,0,1,0,0,0,0
3499,0,1,0,0,0,0
3511,0,1,0,0,0,0
3512,0,0,0,1,0,0
3516,0,0,0,1,0,0
3518,0,0,0,0,0,0
3521,0,0,0,0,0,0
3523,1,0,0,0,0,0
3528,1,0,0,0,0,0
3548,0,0,0,0,0,0
3576,0,0,0,0,0,0
3577,0,0,0,0,0,0
3587,1,0,0,0,0,0
3612,0,0,0,1,0,0
3622,0,0,0,0,0,0
3623,0,0,0,0,0,0
3624,0,0,0,0,0,0
3625,0,0,0,0,0,0
3627,0,0,0,0,0,0
3631,0,0,1,0,0,0
3637,0,1,0,0,0,0
3659,0,0,0,0,0,1
3664,0,0,0,1,0,0
3670,1,1,0,0,0,0
3676,0,0,0,0,0,0
3683,0,0,0,0,0,1
3684,0,1,0,0,0,0
3686,0,0,0,0,0,0
3697,0,1,0,0,0,0
3703,0,0,1,0,0,0
3720,0,0,0,0,0,0
3722,0,1,0,0,0,0
3727,1,0,0,0,0,0
3734,0,0,0,0,0,0
3735,0,0,0,0,0,0
3755,0,0,0,0,0,0
3756,1,0,0,0,0,0
3757,1,0,0,0,0,0
3758,0,0,0,0,0,0
3765,0,0,0,1,0,0
3766,0,0,0,0,0,0
3767,0,0,1,0,0,0
3770,0,0,0,0,0,0
3777,0,1,0,0,0,0
3778,0,1,0,0,0,0
3779,0,0,0,0,0,0
3781,0,0,0,0,0,0
3782,0,0,0,0,0,0
3785,1,0,0,0,0,0
3791,0,0,0,0,0,0
3794,0,0,0,0,0,0
3796,1,1,0,0,0,0
3797,1,1,0,0,0,0
3798,1,1,0,0,0,0
3802,0,1,0,0,0,0
3806,0,0,0,0,0,0
3809,1,0,0,0,0,0
3816,1,1,0,0,0,0
3823,0,0,0,0,0,0
3827,0,0,0,0,0,0
3832,0,0,0,0,0,0
3839,0,0,0,0,0,0
3855,0,0,0,0,0,0
3871,0,0,0,0,0,0
3872,0,0,0,0,0,0
3873,0,0,0,0,0,0
3874,0,0,0,0,0,0
3877,1,0,0,0,0,0
3892,1,0,0,0,0,0
3893,0,0,0,0,0,0
3896,0,0,0,0,0,0
3898,0,1,0,0,0,0
3904,0,0,0,0,0,0
3905,0,0,0,0,0,0
3908,0,0,0,0,0,0
3909,0,0,0,0,0,0
3910,0,0,0,0,0,0
3911,1,0,0,0,0,0
3916,0,0,0,0,0,0
3918,0,0,0,0,0,0
3921,0,0,0,0,0,0
3937,1,0,0,0,0,0
3938,1,0,0,0,0,0
3951,0,0,0,0,0,0
3952,0,1,0,0,0,0
3965,0,0,0,0,0,0
3966,0,0,0,0,0,0
3973,1,0,0,0,0,0
3977,0,0,0,0,0,0
3986,0,0,0,0,0,0
3993,1,0,0,0,0,0
3994,0,0,0,0,0,0
3997,1,1,0,0,0,0
4000,0,1,0,0,0,0
4002,0,0,0,0,0,0
4048,0,0,0,1,0,0
4049,0,0,1,0,0,0
4050,1,0,0,0,0,0
4051,1,0,0,0,0,0
4052,0,0,0,1,0,0
4063,0,1,0,0,0,0
4104,0,1,0,0,0,0
4110,0,0,0,0,0,0
4113,1,1,0,0,0,0
4117,0,0,0,0,0,0
4119,0,0,1,0,0,0
4120,0,0,1,0,0,0
4121,0,0,1,0,0,0
4122,0,0,1,0,0,0
4123,0,0,1,0,0,0
4124,0,0,1,0,0,0
4125,0,0,1,0,0,0
4126,0,0,1,0,0,0
4127,0,0,1,0,0,0
4128,0,0,1,0,0,0
4129,0,0,1,0,0,0
4130,0,0,1,0,0,0
4131,0,0,1,0,0,0
4132,0,0,0,0,0,0
4133,0,0,1,0,0,0
4134,0,0,1,0,0,0
4135,0,0,1,0,0,0
4136,0,0,1,0,0,0
4137,0,0,1,0,0,0
4138,0,0,1,0,0,0
4139,0,0,1,0,0,0
4140,0,0,1,0,0,0
4141,0,0,1,0,0,0
4142,0,0,1,0,0,0
4143,0,0,1,0,0,0
4144,0,0,1,0,0,0
4145,0,0,1,0,0,0
4146,0,0,1,0,0,0
4147,0,0,1,0,0,0
4148,0,0,1,0,0,0
4149,0,0,1,0,0,0
4150,0,0,1,0,0,0
4151,0,0,1,0,0,0
4152,0,0,1,0,0,0
4153,0,0,1,0,0,0
4154,0,0,1,0,0,0
4155,0,0,1,0,0,0
4156,0,0,1,0,0,0
4157,0,0,1,0,0,0
4158,0,0,1,0,0,0
4159,0,0,1,0,0,0
4160,0,0,1,0,0,0
4161,0,0,1,0,0,0
4162,0,0,1,0,0,0
4163,0,0,1,0,0,0
4164,0,0,1,0,0,0
4165,0,0,1,0,0,0
4166,0,0,1,0,0,0
4167,0,0,1,0,0,0
4168,0,0,1,0,0,0
4169,0,0,1,0,0,0
4170,0,0,1,0,0,0
4171,0,0,1,0,0,0
4172,0,0,1,0,0,0
4173,0,0,1,0,0,0
4174,0,0,1,0,0,0
4188,0,0,1,0,0,0
4198,0,0,0,0,0,0
4203,0,0,1,0,0,0
4204,0,0,1,0,0,0
4205,0,0,1,0,0,0
4206,0,0,1,0,0,0
4207,0,0,1,0,0,0
4208,0,0,1,0,0,0
4209,0,0,1,0,0,0
4210,0,0,1,0,0,0
4211,0,0,1,0,0,0
4212,0,0,1,0,0,0
4213,0,0,1,0,0,0
4214,0,0,1,0,0,0
4215,0,0,1,0,0,0
4217,0,0,1,0,0,0
4223,0,0,0,0,0,0
4226,0,0,0,0,0,0
4229,0,0,0,0,0,0
4231,0,0,1,0,0,0
4237,0,1,0,0,0,0
4246,1,0,0,0,0,0
4249,0,0,0,0,0,0
4264,1,0,0,0,0,0
4266,0,0,0,0,0,0
4267,1,0,0,0,0,0
4273,0,1,0,0,0,0
4277,0,0,0,0,0,0
4282,0,0,0,0,0,0
4283,0,1,0,0,0,0
4284,0,0,0,0,0,0
4292,0,0,0,0,0,0
4295,1,1,0,0,0,0
4306,0,0,0,0,0,0
4322,0,0,0,0,0,0
4325,1,0,0,0,0,0
4326,0,1,0,0,0,0
4345,1,0,0,0,0,0
4348,0,0,0,0,0,0
4349,0,0,0,0,0,0
4350,0,0,0,0,0,0
4357,1,0,0,0,0,0
4358,0,0,0,0,1,0
4365,1,0,0,0,0,0
4366,1,0,0,0,0,0
4369,0,0,0,1,0,0
4370,0,0,0,1,0,0
4371,0,0,0,0,0,0
4372,0,0,1,0,0,0
4373,0,0,1,0,0,0
4380,0,0,0,0,0,0
4382,0,0,0,0,0,0
4383,0,0,0,0,0,0
4386,0,0,0,1,0,0
4396,0,0,0,0,0,0
4398,0,0,1,0,0,0
4399,0,0,0,1,0,0
4401,1,0,0,0,0,0
4404,0,0,0,0,0,0
4414,0,0,0,0,0,0
4415,0,0,0,0,0,0
4422,1,1,0,0,0,0
4435,0,1,0,0,0,0
4442,0,0,0,0,0,0
4455,0,0,0,0,0,0
4457,0,0,0,0,0,0
4460,0,1,0,0,0,0
4471,0,0,1,0,0,0
4473,0,0,0,0,0,0
4474,0,0,0,0,0,0
4475,0,0,0,0,0,0
4477,0,0,0,0,0,0
4479,0,0,0,1,0,0
4484,1,0,0,0,0,0
4498,0,0,0,1,0,0
4507,0,0,1,0,0,0
4515,0,0,0,0,0,0
4526,1,0,0,0,0,0
4528,0,0,0,0,0,0
4529,0,0,0,0,0,0
4530,0,0,0,0,0,0
4532,0,0,0,0,0,0
4544,0,0,0,0,0,0
4547,0,1,0,0,0,0
4548,0,0,0,0,0,0
4549,0,1,0,0,0,0
4550,0,1,0,0,0,0
4554,1,0,0,0,0,0
4555,1,1,0,0,0,0
4561,0,1,0,0,0,0
4562,1,1,0,0,0,0
4572,1,0,0,0,0,0
4578,0,1,0,0,0,0
4582,0,0,0,0,0,0
4586,0,0,0,0,0,0
4589,0,0,0,0,0,0
4592,0,0,0,0,0,0
4593,1,0,0,0,0,0
4597,0,1,0,0,0,0
4599,1,0,0,0,0,0
4611,0,1,0,0,0,0
4615,0,0,0,0,0,0
4643,0,0,0,0,0,0
4644,1,1,0,0,0,0
4648,1,0,0,0,0,0
4658,0,0,0,0,0,0
4660,0,0,0,1,0,0
4681,0,0,0,0,0,0
4685,0,0,0,0,0,0
4689,0,0,0,0,0,0
4691,1,0,0,0,0,0
4703,1,0,0,0,0,0
4706,0,0,0,0,0,0
4707,0,1,0,0,0,0
4708,0,1,0,0,0,0
4715,0,1,0,0,0,0
4716,1,0,0,0,0,0
4717,1,0,0,0,0,0
4721,0,0,0,0,0,0
4722,1,1,0,0,0,0
4724,0,0,0,0,0,0
4735,0,0,0,0,0,0
4736,0,0,0,0,0,0
4737,0,0,0,0,0,0
4743,0,0,0,0,0,0
4746,0,0,0,0,0,0
4756,0,0,0,0,0,0
4757,0,1,0,0,0,0
4759,0,1,0,0,0,0
4771,0,0,0,0,0,0
4786,0,1,0,0,0,0
4793,1,0,0,0,0,0
4795,1,1,0,0,0,0
4806,1,0,0,0,0,0
4810,0,0,0,1,0,0
4825,1,0,0,0,0,0
4833,1,0,0,0,0,0
4838,0,0,0,1,0,0
4848,0,1,0,0,0,0
4850,0,0,0,0,0,0
4853,0,0,0,1,0,0
4870,0,0,0,0,0,0
4885,1,0,0,0,0,0
4887,0,1,0,0,0,0
4888,1,0,0,0,0,0
4891,0,0,0,0,0,0
4906,0,0,0,0,0,0
4915,1,0,0,0,0,0
4916,1,0,0,0,0,0
4917,1,0,0,0,0,0
4918,1,0,0,0,0,0
4955,1,0,0,0,0,0
4956,0,0,0,1,0,0
4958,0,0,0,0,0,0
4975,1,1,0,0,0,0
4990,0,0,0,0,0,0
4991,0,0,0,0,0,0
4992,0,0,0,0,0,0
4994,1,1,0,0,0,0
4997,1,0,0,0,0,0
5004,1,0,0,0,0,0
5008,0,0,0,0,0,0
5015,0,0,0,0,0,0
5016,0,0,0,0,0,0
5017,1,0,0,0,0,0
5021,0,0,0,0,0,0
5023,0,1,0,0,0,0
5029,1,0,0,0,0,0
5035,1,0,0,0,0,0
5038,0,1,0,0,0,0
5039,0,1,0,0,0,0
5041,0,1,0,0,0,0
5058,0,0,0,0,0,0
5069,0,0,0,0,0,0
5070,0,0,0,0,0,0
5090,0,0,0,0,0,0
5093,1,1,0,0,0,0
5094,0,1,0,0,0,0
5095,0,0,0,0,0,0
5096,1,0,0,0,0,0
5098,0,1,0,0,0,0
5100,0,0,0,0,0,0
5102,0,1,0,0,0,0
5103,0,0,0,0,0,0
5118,0,0,0,0,0,0
5128,0,1,0,0,0,0
5129,0,0,0,0,0,0
5132,0,0,0,0,0,0
5135,1,0,0,0,0,0
5138,0,1,0,0,0,0
5139,0,1,0,0,0,0
5140,0,1,0,0,0,0
5143,0,0,0,0,0,0
5154,0,0,0,0,0,0
5155,0,0,0,0,0,0
5156,0,0,0,0,0,0
5163,0,0,0,0,0,0
5169,0,0,0,0,0,0
5171,1,0,0,0,0,0
5178,0,0,0,0,0,0
5182,0,1,0,0,0,0
5186,1,1,0,0,0,0
5201,0,0,0,0,0,0
5205,0,1,0,0,0,0
5208,1,0,0,0,0,0
5216,0,0,0,0,0,0
5217,0,1,0,0,0,0
5224,0,1,0,0,0,0
5225,0,1,0,0,0,0
5231,0,0,0,0,0,0
5238,0,0,0,0,0,0
5239,0,0,0,0,0,0
5252,0,1,0,0,0,0
5258,0,0,0,0,0,0
5260,0,0,0,0,0,0
5267,0,0,0,1,0,0
5273,0,1,0,0,0,0
5277,0,1,0,0,0,0
5278,0,1,0,0,0,0
5279,0,1,0,0,0,0
5283,0,0,0,0,0,0
5285,0,0,0,0,0,0
5288,1,0,0,0,0,0
5291,0,0,0,0,0,0
5292,1,0,0,0,0,0
5295,0,0,0,1,0,0
5296,0,1,0,0,0,0
5297,0,0,0,0,0,0
5299,0,0,0,0,0,0
5337,1,1,0,0,0,0
5345,0,0,0,0,0,0
5349,0,1,0,0,0,0
5350,1,1,0,0,0,0
5376,0,1,0,0,0,0
5380,1,0,0,0,0,0
5393,0,0,0,1,0,0
5395,0,0,0,0,0,0
5396,1,0,0,0,0,0
5400,0,0,0,1,0,0
5403,0,0,0,0,0,0
5404,0,1,0,0,0,0
5405,0,0,0,1,0,0
5416,0,0,0,0,0,0
5417,0,0,0,0,0,0
5424,0,0,0,1,0,0
5425,0,0,0,0,0,0
5429,0,0,0,1,0,0
5430,1,0,0,0,0,0
5437,0,1,0,0,0,0
5440,0,0,0,0,0,0
5446,1,0,0,0,0,0
5448,0,1,0,0,0,0
5449,0,0,1,0,0,0
5457,0,1,0,0,0,0
5493,0,0,0,0,0,0
5501,0,0,0,0,0,0
5502,1,0,0,0,0,0
5506,1,1,0,0,0,0
5519,1,1,0,0,0,0
5521,1,1,0,0,0,0
5522,1,1,0,0,0,0
5523,1,0,0,0,0,0
5527,1,0,0,0,0,0
5528,0,0,0,0,0,0
5541,1,0,0,0,0,0
5543,0,0,0,0,0,0
5550,0,0,0,0,0,0
5553,0,1,0,0,0,0
5555,0,1,0,0,0,0
5565,0,0,0,0,0,0
5566,0,0,0,0,0,0
5567,0,0,0,0,0,0
5568,0,0,0,0,0,0
5569,0,0,0,0,0,0
5572,0,0,1,0,0,0
5584,1,0,0,0,0,0
5587,0,0,0,0,0,0
5596,0,0,0,0,0,0
5599,0,0,0,0,0,0
5604,1,1,0,0,0,0
5611,1,0,0,0,0,0
5628,1,0,0,0,0,0
5633,1,0,0,0,0,0
5635,0,0,0,0,0,0
5636,0,0,0,0,0,0
5640,0,0,0,0,0,0
5641,0,0,0,0,0,0
5642,0,0,0,0,0,0
5644,0,1,0,0,0,0
5668,0,0,0,0,0,0
5671,0,1,0,0,0,0
5672,0,0,1,0,0,0
5683,0,0,0,0,0,0
5684,0,0,0,0,0,0
5685,0,0,0,0,0,0
5701,1,0,0,0,0,0
5704,1,1,0,0,0,0
5715,0,0,0,0,0,0
5721,0,0,0,0,0,0
5724,0,0,0,0,0,0
5728,0,0,0,0,0,1
5729,0,0,0,0,0,0
5731,0,1,0,0,0,0
5732,0,1,0,0,0,0
5733,1,0,0,0,0,0
5737,1,0,0,0,0,0
5739,0,0,0,0,0,0
5750,1,0,0,0,0,0
5759,0,0,0,0,0,0
5762,0,1,0,0,0,0
5765,0,0,0,0,0,0
5767,1,0,0,0,0,0
5774,1,0,0,0,0,0
5776,1,0,0,0,0,0
5777,0,0,0,0,0,0
5778,0,0,0,0,0,0
5779,1,0,0,0,0,0
5786,0,0,0,1,0,0
5788,1,0,0,0,0,0
5791,0,1,0,0,0,0
5792,0,0,0,0,0,0
5799,1,1,0,0,0,0
5801,0,1,0,0,0,0
5802,1,0,0,0,0,0
5819,0,1,0,0,0,0
5825,0,0,0,0,0,0
5826,0,0,0,0,0,0
5827,1,0,0,0,0,0
5828,0,0,0,0,0,0
5834,0,0,0,0,0,0
5835,0,0,0,0,0,0
5839,0,1,0,0,0,0
5852,0,0,0,0,0,0
5854,0,1,0,0,0,0
5855,0,1,0,0,0,0
5856,0,1,0,0,0,0
5860,0,0,0,0,0,0
5867,0,0,0,0,0,0
5870,0,0,0,0,0,0
5881,1,0,0,0,0,0
5886,1,0,0,0,0,0
5887,0,0,0,0,0,0
5893,1,1,0,0,0,0
5901,0,0,0,0,0,0
5903,1,0,0,0,0,0
5907,0,0,0,0,0,0
5911,0,1,0,0,0,0
5925,0,0,0,0,0,0
5928,1,0,0,0,0,0
5933,1,1,0,0,0,0
5961,1,0,0,0,0,0
5964,0,1,0,0,0,0
5971,1,1,0,0,0,0
5973,0,0,0,0,0,0
5978,0,0,0,1,0,0
5983,0,1,0,0,0,0
5997,0,1,0,0,0,0
6012,0,0,0,0,0,0
6018,0,1,0,0,0,0
6027,0,0,0,0,0,0
6029,0,1,0,0,0,0
6034,1,1,0,0,0,0
6045,1,1,0,0,0,0
6057,1,0,0,0,0,0
6059,1,0,0,0,0,0
6071,0,1,0,0,0,0
6072,0,0,0,0,0,0
6077,1,0,0,0,0,0
6087,0,1,0,0,0,0
6090,1,0,0,0,0,0
6092,0,0,0,0,0,0
6094,1,1,0,0,0,0
6095,0,0,0,0,0,0
6097,0,1,0,0,0,0
6100,0,0,0,0,0,0
6116,0,0,0,0,0,0
6118,0,0,0,0,0,0
6123,0,0,0,0,0,0
6124,0,0,0,0,0,0
6135,0,0,0,0,0,0
6136,0,0,0,0,0,0
6140,0,0,0,0,0,0
6154,1,0,0,0,0,0
6155,0,1,0,0,0,0
6156,0,1,0,0,0,0
6157,1,0,0,0,0,0
6162,0,0,1,0,0,0
6163,0,0,0,0,0,0
6179,0,0,0,0,0,0
6186,0,0,0,0,0,0
6189,0,0,0,0,0,0
6196,0,0,0,0,0,0
6202,1,0,0,0,0,0
6210,0,0,0,0,0,0
6211,0,0,0,0,0,0
6212,0,1,0,0,0,0
6213,1,0,0,0,0,0
6216,0,0,0,1,0,0
6217,0,0,0,0,0,0
6223,0,0,0,0,0,0
6235,0,0,0,1,0,0
6241,1,0,0,0,0,0
6242,1,0,0,0,0,0
6246,1,0,0,0,0,0
6254,0,0,0,0,0,0
6258,0,0,0,0,0,0
6265,0,0,0,0,0,0
6276,1,0,0,0,0,0
6278,0,0,0,0,0,0
6279,0,0,0,0,0,0
6287,0,0,0,0,0,0
6288,0,1,0,0,0,0
6289,0,1,0,0,0,0
6291,1,0,0,0,0,0
6292,0,0,0,0,0,0
6293,0,0,0,0,0,0
6300,1,1,0,0,0,0
6301,0,0,0,0,0,0
6302,0,0,0,0,0,0
6305,0,0,0,0,0,0
6306,1,1,0,0,0,0
6307,1,0,0,0,0,0
6309,0,1,0,0,0,0
6315,1,0,0,0,0,0
6321,1,0,0,0,0,0
6324,0,0,0,0,0,0
6328,0,0,0,0,0,0
6332,1,0,0,0,0,0
6334,1,0,0,0,0,0
6337,0,1,0,0,0,0
6345,0,0,0,0,0,0
6350,1,1,0,0,0,0
6352,0,1,0,0,0,0
6356,0,0,0,0,0,0
6357,1,0,0,0,0,0
6358,0,0,0,0,0,0
6359,1,0,0,0,0,0
6384,0,1,0,0,0,0
6392,0,0,1,0,0,0
6403,0,0,0,0,0,0
6419,0,0,0,0,0,0
6422,0,0,0,0,0,0
6423,0,0,0,0,0,0
6429,0,0,0,0,0,0
6430,0,0,0,0,0,0
6431,0,0,0,0,0,0
6437,0,0,0,0,0,0
6450,1,0,0,0,0,0
6452,0,1,0,0,0,0
6453,1,0,0,0,0,0
6461,0,0,0,0,0,0
6463,0,1,0,0,0,0
6464,0,1,0,0,0,0
6466,1,0,0,0,0,0
6468,0,1,0,0,0,0
6475,0,0,0,0,0,0
6479,1,1,0,0,0,0
6482,0,0,0,0,0,0
6489,1,0,0,0,0,0
6492,0,1,0,0,0,0
6493,0,0,0,0,0,0
6497,0,1,0,0,0,0
6499,0,0,0,0,0,0
6511,0,0,0,0,0,0
6516,0,1,0,0,0,0
6521,0,0,0,0,0,0
6525,1,0,0,0,0,0
6526,0,0,0,0,0,0
6535,0,1,0,0,0,0
6539,0,0,0,0,0,0
6545,1,0,0,0,0,0
6546,0,0,0,0,0,0
6567,0,1,0,0,0,0
6571,0,0,0,0,0,0
6581,1,0,0,0,0,0
6589,0,0,0,0,0,0
6593,0,0,0,0,0,0
6601,1,1,0,0,0,0
6603,0,0,0,0,0,0
6605,0,1,0,0,0,0
6609,1,0,0,0,0,0
6612,0,1,0,0,0,0
6614,0,1,0,0,0,0
6615,0,1,0,0,0,0
6616,0,1,0,0,0,0
6619,0,0,0,0,0,0
6633,1,0,0,0,0,0
6637,0,0,0,0,0,0
6638,0,0,0,0,0,0
6645,0,0,0,0,0,0
6692,0,0,0,0,0,0
6693,1,0,0,0,0,0
6697,0,0,0,0,0,0
6698,0,0,0,0,0,0
6703,0,0,0,0,0,0
6712,0,0,0,0,0,0
6738,0,0,0,0,0,0
6764,0,0,0,0,0,0
6773,0,1,0,0,0,0
6775,1,0,0,0,0,0
6779,0,1,0,0,0,0
6782,1,0,0,0,0,0
6783,1,0,0,0,0,0
6784,0,0,0,0,0,0
6785,0,0,0,0,0,0
6787,0,1,0,0,0,0
6789,0,1,0,0,0,0
6790,1,0,0,0,0,0
6791,0,0,0,0,0,0
6792,0,0,0,0,0,0
6793,0,0,0,0,0,0
6798,0,1,0,0,0,0
6799,0,1,0,0,0,0
6816,1,0,0,0,0,0
6817,1,0,0,0,0,0
6820,0,0,0,1,0,0
6838,0,0,0,0,0,0
6839,0,0,0,0,0,0
6845,0,0,0,0,0,0
6850,0,0,0,0,0,0
6853,0,0,0,0,0,0
6854,0,0,0,0,0,0
6862,0,0,0,0,0,0
6877,0,0,0,0,0,0
6883,1,0,0,0,0,0
6884,1,0,0,0,0,0
6885,1,0,0,0,0,0
6887,0,1,0,0,0,0
6889,1,1,0,0,0,0
6891,1,0,0,0,0,0
6901,0,1,0,0,0,0
6902,0,1,0,0,0,0
6906,0,0,0,0,0,0
6909,1,0,0,0,0,0
6911,0,0,0,0,0,0
6921,0,0,0,0,0,0
6922,1,1,0,0,0,0
6924,0,1,0,0,0,0
6928,0,1,0,0,0,0
6930,0,1,0,0,0,0
6935,0,0,0,0,0,0
6936,1,1,0,0,0,0
6938,0,0,0,1,0,0
6963,0,0,0,0,0,0
6965,0,0,0,0,0,0
6966,1,0,0,0,0,0
6969,1,0,0,0,0,0
6972,0,0,0,0,0,0
6976,0,0,0,0,0,0
6977,1,0,0,0,0,0
6978,1,0,0,0,0,0
6981,0,0,0,0,0,0
6985,0,1,0,0,0,0
6986,0,1,0,0,0,0
6987,0,1,0,0,0,0
6991,1,0,0,0,0,0
6997,0,0,0,0,0,0
6998,0,0,0,0,0,0
7003,0,1,0,0,0,0
7005,1,0,0,0,0,0
7006,1,0,0,0,0,0
7008,0,0,0,0,0,0
7019,1,0,0,0,0,0
7036,1,0,0,0,0,0
7037,0,0,0,0,0,0
7042,0,0,0,0,0,0
7043,0,0,0,0,0,0
7044,0,0,0,0,0,0
7045,0,1,0,0,0,0
7050,0,0,0,0,0,0
7053,0,0,0,0,0,0
7054,1,0,0,0,0,0
7070,0,0,0,0,0,0
7088,1,0,0,0,0,0
7105,0,0,0,0,0,0
7109,0,0,0,1,0,0
7110,1,0,0,0,0,0
7113,1,0,0,0,0,0
7117,0,0,0,0,0,0
7118,1,0,0,0,0,0
7123,0,0,0,1,0,0
7128,0,0,0,0,0,0
7133,0,0,0,0,0,0
7138,1,1,0,0,0,0
7139,0,0,0,0,0,0
7141,1,0,0,0,0,0
7149,0,0,0,0,0,0
7151,0,0,0,0,0,0
7152,1,0,0,0,0,0
7158,1,1,0,0,0,0
7165,1,1,0,0,0,0
7171,0,0,0,0,0,0
7180,0,0,0,0,0,0
7181,0,0,0,0,0,0
7182,0,1,0,0,0,0
7188,1,0,0,0,0,0
7192,0,0,1,0,0,0
7193,0,0,1,0,0,0
7199,0,0,1,0,0,0
7201,0,0,0,0,0,0
7204,0,0,0,0,0,0
7209,1,0,0,0,0,0
7218,1,0,0,0,0,0
7232,0,0,0,0,0,0
7233,0,0,0,0,0,0
7238,0,0,0,0,0,0
7243,1,1,0,0,0,0
7249,0,1,0,0,0,0
7252,0,1,0,0,0,0
7254,1,1,0,0,0,0
7255,1,0,0,0,0,0
7256,0,0,0,0,0,0
7291,0,1,0,0,0,0
7292,1,0,0,0,0,0
7293,1,0,0,0,0,0
7294,0,0,0,0,0,0
7316,0,0,0,0,0,0
7328,0,0,0,0,0,0
7335,0,0,0,0,0,0
7338,1,0,0,0,0,0
7347,0,0,0,0,0,0
7348,0,0,0,0,0,0
7349,0,0,0,0,0,0
7355,0,0,1,0,0,0
7357,0,0,1,0,0,0
7362,0,0,1,0,0,0
7363,0,0,1,0,0,0
7364,0,0,0,0,0,0
7387,0,0,0,0,0,0
7389,0,1,0,0,0,0
7402,1,1,0,0,0,0
7411,0,1,0,0,0,0
7424,0,0,0,0,0,0
7425,0,0,0,0,0,0
7429,0,0,0,0,0,0
7433,0,0,0,0,0,0
7451,0,0,1,0,0,0
7456,0,0,0,0,0,0
7457,0,0,0,1,0,0
7468,0,0,0,0,0,0
7469,0,0,0,0,0,0
7470,0,1,0,0,0,0
7473,0,0,0,0,0,0
7474,0,1,0,0,0,0
7484,1,0,0,0,0,0
7505,1,1,0,0,0,0
7506,0,0,0,0,0,0
7509,0,1,0,0,0,0
7513,0,1,0,0,0,0
7514,1,0,0,0,0,0
7517,0,0,0,0,0,0
7520,1,1,0,0,0,0
7525,0,1,0,0,0,0
7544,0,0,1,0,0,0
7549,0,0,0,1,0,0
7561,0,1,0,0,0,0
7562,0,1,0,0,0,0
7563,0,1,0,0,0,0
7564,0,1,0,0,0,0
7566,0,1,0,0,0,0
7568,1,1,0,0,0,0
7572,1,0,0,0,0,0
7576,0,0,0,0,0,0
7578,0,0,0,1,0,0
7597,0,0,0,0,0,0
7601,0,0,0,0,0,0
7611,0,0,0,0,0,0
7615,1,0,0,0,0,0
7620,0,0,0,0,0,0
7626,1,0,0,0,0,0
7627,0,1,0,0,0,0
7630,1,0,0,0,0,0
7644,0,0,0,0,0,0
7651,0,0,0,0,0,0
7653,0,0,0,0,0,0
7658,0,0,0,0,0,0
7669,0,0,0,0,0,0
7670,0,1,0,0,0,0
7673,1,0,0,0,0,0
7674,1,1,0,0,0,0
7679,0,0,0,0,0,0
7680,0,0,0,0,0,0
7683,1,1,0,0,0,0
7710,0,0,0,0,0,0
7711,1,1,0,0,0,0
7727,0,1,0,0,0,0
7741,0,0,0,0,0,0
7744,0,1,0,0,0,0
7755,0,1,0,0,0,0
7759,0,0,0,0,0,0
7762,0,0,0,0,0,0
7763,0,0,0,0,0,0
7764,0,1,0,0,0,0
7765,0,1,0,0,0,0
7766,0,0,0,0,0,0
7769,0,0,0,0,0,0
7779,0,0,1,0,0,0
7783,0,1,0,0,0,0
7790,1,0,0,0,0,0
7795,0,0,0,1,0,0
7804,0,1,0,0,0,0
7805,0,1,0,0,0,0
7815,0,0,1,0,0,0
7817,0,0,0,0,0,0
7818,0,1,0,0,0,0
7819,0,0,0,0,0,0
7820,1,0,0,0,0,0
7823,0,0,0,0,0,0
7829,1,0,0,0,0,0
7833,0,0,0,1,0,0
7855,0,0,0,0,0,0
7858,0,0,0,0,0,0
7860,1,0,0,0,0,0
7895,1,0,0,0,0,0
7901,0,0,0,0,0,0
7904,1,0,0,0,0,0
7918,0,0,0,0,0,0
7922,0,0,0,0,0,0
7923,0,0,0,0,0,0
7924,0,0,0,0,0,0
7925,1,0,0,0,0,0
7926,0,1,0,0,0,0
7932,0,1,0,0,0,0
7933,0,1,0,0,0,0
7939,0,0,0,0,0,0
7945,0,1,0,0,0,0
7949,0,0,0,0,0,0
7950,0,0,0,0,0,0
7951,0,0,0,0,0,0
7952,0,0,0,0,0,0
7956,0,0,0,0,0,0
7961,0,1,0,0,0,0
7962,0,0,0,0,0,0
7965,0,0,0,0,0,0
7971,0,1,0,0,0,0
7972,0,1,0,0,0,0
7973,0,1,0,0,0,0
7975,1,1,0,0,0,0
7976,0,0,0,0,0,0
7979,0,0,0,0,0,0
7981,0,0,0,0,0,0
7986,0,0,0,0,0,0
7989,0,1,0,0,0,0
7991,0,0,0,0,0,0
7995,0,1,0,0,0,0
8000,0,1,0,0,0,0
8002,0,0,0,0,0,0
8004,0,0,0,0,0,0
8016,0,0,0,0,0,0
8024,0,0,0,0,0,0
8039,0,0,0,0,0,0
8062,0,1,0,0,0,0
8064,0,0,0,0,0,0
8076,0,0,0,1,0,0
8077,0,1,0,0,0,0
8079,0,1,0,0,0,0
8092,0,0,0,0,0,0
8093,0,0,0,0,0,0
8107,0,0,1,0,0,0
8109,0,0,0,0,0,0
8110,0,0,0,0,0,0
8115,0,0,0,0,0,0
8120,0,0,0,1,0,0
8123,1,0,0,0,0,0
8124,1,0,0,0,0,0
8125,1,1,0,0,0,0
8133,1,0,0,0,0,0
8141,0,0,0,0,0,0
8150,0,0,0,0,0,0
8158,0,0,0,0,0,0
8163,0,0,0,0,0,0
8177,1,0,0,0,0,0
8178,0,1,0,0,0,0
8182,1,0,0,0,0,0
8193,0,0,0,1,0,0
8196,1,1,0,0,0,0
8198,0,1,0,0,0,0
8203,0,0,0,0,0,0
8213,1,0,0,0,0,0
8221,1,0,0,0,0,0
8225,0,1,0,0,0,0
8232,0,1,0,0,0,0
8233,0,1,0,0,0,0
8237,0,0,0,0,0,0
8238,1,0,0,0,0,0
8251,1,0,0,0,0,0
8253,0,0,0,0,0,0
8255,0,0,0,0,0,0
8260,1,0,0,0,0,0
8276,1,1,0,0,0,0
8277,1,1,0,0,0,0
8283,0,1,0,0,0,0
8285,0,1,0,0,0,0
8290,1,1,0,0,0,0
8298,0,1,0,0,0,0
8305,0,1,0,0,0,0
8309,0,0,0,0,0,0
8315,0,0,0,0,0,0
8321,0,0,0,0,0,0
8326,0,0,0,0,0,0
8327,1,0,0,0,0,0
8328,0,0,0,0,0,0
8336,1,0,0,0,0,0
8340,0,0,0,1,0,0
8351,0,0,0,0,0,0
8353,0,0,0,0,0,0
8360,0,1,0,0,0,0
8363,1,0,0,0,0,0
8364,0,1,0,0,0,0
8376,0,1,0,0,0,0
8385,0,1,0,0,0,0
8388,1,0,0,0,0,0
8399,0,1,0,0,0,0
8406,0,1,0,0,0,0
8407,0,1,0,0,0,0
8408,0,1,0,0,0,0
8409,1,0,0,0,0,0
8414,0,1,0,0,0,0
8417,1,0,0,0,0,0
8419,0,1,0,0,0,0
8432,0,1,0,0,0,0
8433,0,1,0,0,0,0
8438,0,0,0,0,0,0
8439,0,0,0,0,0,0
8450,1,0,0,0,0,0
8458,0,1,0,0,0,0
8472,1,0,0,0,0,0
8473,1,0,0,0,0,0
8475,0,1,0,0,0,0
8481,1,0,0,0,0,0
8482,0,1,0,0,0,0
8485,1,0,0,0,0,0
8486,0,1,0,0,0,0
8501,0,1,0,0,0,0
8512,0,0,0,0,0,0
8513,0,1,0,0,0,0
8526,0,1,0,0,0,0
8540,0,0,0,0,0,0
8543,0,0,0,0,0,0
8546,1,1,0,0,0,0
8547,1,0,0,0,0,0
8549,1,0,0,0,0,0
8557,0,0,0,0,0,0
8560,1,1,0,0,0,0
8574,1,1,0,0,0,0
8581,0,0,0,0,0,0
8585,1,0,0,0,0,0
8586,0,1,0,0,0,0
8592,1,1,0,0,0,0
8603,0,1,0,0,0,0
8604,0,0,0,0,0,0
8606,0,1,0,0,0,0
8607,0,1,0,0,0,0
8611,0,1,0,0,0,0
8613,0,0,0,0,0,0
8625,0,1,0,0,0,0
8637,1,0,0,0,0,0
8644,0,0,0,0,0,0
8647,0,0,0,0,0,0
8655,1,0,0,0,0,0
8656,0,0,0,0,0,0
8658,0,0,0,0,0,0
8671,0,0,0,0,0,0
8675,1,0,0,0,0,0
8678,0,0,0,0,0,1
8684,1,0,0,0,0,0
8694,0,1,0,0,0,0
8695,0,1,0,0,0,0
8696,0,1,0,0,0,0
8702,0,0,0,0,0,0
8712,0,0,0,0,0,0
8713,1,0,0,0,0,0
8722,0,0,0,0,0,0
8723,0,0,0,0,0,0
8724,1,0,0,0,0,0
8728,0,0,0,0,0,0
8729,1,0,0,0,0,0
8739,1,0,0,0,0,0
8745,1,0,0,0,0,0
8774,0,1,0,0,0,0
8778,1,0,0,0,0,0
8796,1,0,0,0,0,0
8797,1,0,0,0,0,0
8811,1,0,0,0,0,0
8817,0,0,0,0,0,0
8818,0,0,0,0,0,0
8821,0,1,0,0,0,0
8822,1,0,0,0,0,0
8823,0,0,0,0,0,0
8827,0,0,0,0,0,0
8846,1,0,0,0,0,0
8848,0,0,0,0,0,1
8850,0,1,0,0,0,0
8851,0,1,0,0,0,0
8852,0,0,0,0,0,0
8864,0,0,0,0,0,0
8866,0,0,0,0,0,0
8868,0,0,0,0,0,0
8885,1,1,0,0,0,0
8887,1,0,0,0,0,0
8894,1,0,0,0,0,0
8895,0,0,1,0,0,0
8902,1,1,0,0,0,0
8906,0,0,0,0,0,0
8911,0,0,1,0,0,0
8924,1,0,0,0,0,0
8931,1,0,0,0,0,0
8938,0,0,0,0,0,0
8941,1,0,0,0,0,0
8946,1,0,0,0,0,0
8948,1,1,0,0,0,0
8952,1,0,0,0,0,0
8959,1,0,0,0,0,0
8968,0,0,0,0,0,0
8970,0,0,0,0,0,0
8971,1,0,0,0,0,0
8975,1,0,0,0,0,0
8977,0,1,0,0,0,0
8986,0,0,0,0,0,0
8988,0,1,0,0,0,0
8991,0,0,0,0,0,0
8995,0,1,0,0,0,0
8998,0,1,0,0,0,0
9004,1,0,0,0,0,0
9005,1,0,0,0,0,0
9006,1,0,0,0,0,0
9014,0,0,0,0,0,0
9016,1,0,0,0,0,0
9018,0,0,0,0,0,0
9022,0,1,0,0,0,0
9029,0,0,0,0,0,0
9040,0,0,0,0,0,0
9045,1,0,0,0,0,0
9047,0,1,0,0,0,0
9051,0,0,0,0,0,0
9053,0,0,0,0,0,0
9054,1,0,0,0,0,0
9062,0,1,0,0,0,0
9068,0,0,0,0,0,0
9074,0,1,0,0,0,0
9092,0,0,0,0,0,0
9095,0,0,0,0,0,0
9100,1,0,0,0,0,0
9101,0,1,0,0,0,0
9118,0,0,0,0,0,0
9156,0,0,0,0,0,0
9165,0,0,0,1,0,0
9167,0,0,0,0,0,0
9168,0,0,0,0,0,0
9175,0,0,1,0,0,0
9179,0,0,0,0,0,0
9180,1,1,0,0,0,0
9181,0,1,0,0,0,0
9182,1,1,0,0,0,0
9184,0,1,0,0,0,0
9186,1,1,0,0,0,0
9187,0,1,0,0,0,0
9188,0,1,0,0,0,0
9196,0,0,0,0,0,0
9198,0,1,0,0,0,0
9199,0,1,0,0,0,0
9200,1,0,0,0,0,0
9217,0,0,0,0,0,0
9221,0,0,0,0,0,0
9230,0,0,0,0,0,0
9239,0,0,0,0,0,0
9251,0,0,0,0,0,0
9252,0,0,0,0,0,0
9253,1,0,0,0,0,0
9256,0,0,0,0,0,0
9260,0,0,0,0,0,0
9268,0,1,0,0,0,0
9274,0,0,0,0,0,0
9280,1,0,0,0,0,0
9284,0,0,0,0,0,0
9285,0,0,0,0,0,0
9294,0,1,0,0,0,0
9299,1,0,0,0,0,0
9300,0,0,0,0,0,0
9310,0,1,0,0,0,0
9324,1,0,0,0,0,0
9327,1,0,0,0,0,0
9332,0,0,0,0,0,0
9334,0,0,0,0,0,0
9336,1,0,0,0,0,0
9337,1,1,0,0,0,0
9363,0,0,0,0,0,0
9373,0,0,0,1,0,0
9376,1,0,0,0,0,0
9385,1,0,0,0,0,0
9386,0,1,0,0,0,0
9394,0,0,0,0,0,0
9397,1,0,0,0,0,0
9399,1,0,0,0,0,0
9406,0,0,0,0,0,0
9411,0,0,0,0,0,0
9434,0,1,0,0,0,0
9447,0,0,0,0,0,0
9453,0,0,0,0,0,0
9488,0,0,0,0,0,0
9520,0,0,0,0,0,0
9532,1,1,0,0,0,0
9534,0,0,1,0,0,0
9535,0,0,0,0,0,0
9547,1,1,0,0,0,0
9549,0,0,0,0,0,0
9550,0,0,0,1,0,0
9551,0,0,0,1,0,0
9554,0,0,0,0,0,0
9558,1,0,0,0,0,0
9560,0,0,0,0,0,0
9561,0,0,0,0,0,0
9565,0,0,0,0,0,0
9577,0,0,0,0,0,0
9578,1,0,0,0,0,0
9583,0,0,0,0,0,0
9584,0,0,0,0,0,0
9586,0,1,0,0,0,0
9590,0,0,0,1,0,0
9593,0,0,0,0,0,0
9598,0,0,0,0,0,0
9606,0,0,0,0,0,0
9607,0,0,0,0,0,0
9613,0,0,0,0,0,0
9615,0,0,0,0,0,0
9621,0,0,0,0,0,0
9643,0,0,0,0,0,0
9651,0,0,0,0,0,0
9652,0,0,0,1,0,0
9653,0,0,0,0,0,0
9661,0,1,0,0,0,0
9679,1,0,0,0,0,0
9681,0,0,0,0,0,0
9684,0,0,0,0,0,0
9686,0,0,0,0,0,1
9698,0,0,0,0,0,0
9710,0,0,0,0,0,0
9720,0,1,0,0,0,0
9729,0,0,1,0,0,0
9740,0,1,0,0,0,0
9749,0,0,0,0,0,0
9750,0,0,0,0,0,0
9751,1,0,0,0,0,0
9755,0,0,0,0,0,0
9758,0,0,0,0,0,0
9760,0,0,0,0,0,0
9772,1,0,0,0,0,0
9783,0,0,0,0,0,0
9784,0,0,0,0,0,0
9797,0,0,0,0,0,0
9808,0,0,0,0,0,0
9814,0,0,0,0,0,0
9821,1,0,0,0,0,0
9826,0,0,0,0,0,0
9827,0,0,0,0,0,0
9830,0,0,0,1,0,0
9833,1,0,0,0,0,0
9834,0,0,0,0,0,0
9862,0,0,1,0,0,0
9865,0,0,0,1,0,0
9876,0,0,0,0,0,0
9877,0,0,0,0,0,0
9878,0,0,0,0,0,0
9880,0,0,0,0,0,0
9890,0,0,0,0,0,0
9891,0,1,0,0,0,0
9892,0,1,0,0,0,0
9901,0,0,0,0,0,0
9902,1,0,0,0,0,0
9903,1,0,0,0,0,0
9905,0,0,0,0,0,0
9906,0,0,0,0,0,0
9912,0,0,0,0,0,0
9913,0,0,0,1,0,0
9914,0,0,0,0,0,0
9917,0,0,0,0,0,0
9920,0,0,0,0,0,0
9921,0,0,0,0,0,0
9925,0,0,0,1,0,0
9927,0,0,0,0,0,0
9928,0,0,0,0,0,0
9930,0,0,0,0,0,0
9931,0,0,0,0,0,0
9941,0,0,0,0,0,0
9942,0,0,0,0,0,0
9943,0,1,0,0,0,0
9944,1,0,0,0,0,0
9945,1,0,0,0,0,0
9953,1,0,0,0,0,0
9954,1,0,0,0,0,0
9961,0,0,0,0,0,1
9962,1,0,0,0,0,0
9967,0,0,0,0,0,0
9973,0,0,0,0,0,0
9979,0,1,0,0,0,0
9980,1,1,0,0,0,0
9984,0,0,0,0,0,0
9989,0,1,0,0,0,0
9990,0,1,0,0,0,0
9993,1,0,0,0,0,0
9998,1,0,0,0,0,0
9999,1,0,0,0,0,0
10004,1,0,0,0,0,0
10010,0,0,0,0,0,0
10011,0,0,0,1,0,0
10018,0,0,0,0,0,0
10021,1,0,0,0,0,0
10028,0,0,0,0,0,0
10031,0,0,0,0,0,0
10036,1,1,0,0,0,0
10039,0,1,0,0,0,0
10041,1,0,0,0,0,0
10042,1,0,0,0,0,0
10044,1,0,0,0,0,0
10050,0,0,0,0,0,0
10051,0,0,0,0,0,0
10056,1,0,0,0,0,0
10075,0,0,0,0,0,0
10076,0,0,0,0,0,0
10077,0,0,0,0,0,0
10079,0,0,0,0,0,0
10082,0,1,0,0,0,0
10091,0,0,0,0,0,0
10094,0,0,0,0,0,0
10095,1,0,0,0,0,0
10107,0,1,0,0,0,0
10108,0,1,0,0,0,0
10109,0,1,0,0,0,0
10110,0,1,0,0,0,0
10117,0,0,0,1,0,0
10134,0,0,0,0,0,0
10137,0,1,0,0,0,0
10138,0,1,0,0,0,0
10155,0,1,0,0,0,0
10175,1,0,0,0,0,0
10180,1,0,0,0,0,0
10181,1,0,0,0,0,0
10182,0,0,0,0,0,0
10193,0,0,0,0,0,0
10207,0,1,0,0,0,0
10208,0,0,0,1,0,0
10213,0,0,0,0,0,0
10216,0,0,0,0,0,0
10217,0,0,0,0,0,0
10218,0,0,0,0,0,0
10230,1,1,0,0,0,0
10234,0,0,0,0,0,0
10237,1,0,0,0,0,0
10241,1,0,0,0,0,0
10246,0,0,0,0,0,0
10251,0,0,0,0,0,0
10257,0,0,0,0,0,0
10273,1,1,0,0,0,0
10274,0,1,0,0,0,0
10275,0,1,0,0,0,0
10283,0,0,0,0,0,0
10288,1,1,0,0,0,0
10289,1,1,0,0,0,0
10290,1,0,0,0,0,0
10291,0,1,0,0,0,0
10294,0,0,0,1,0,0
10297,1,1,0,0,0,0
10308,1,1,0,0,0,0
10309,1,0,0,0,0,0
10313,0,0,0,1,0,0
10316,1,0,0,0,0,0
10317,0,1,0,0,0,0
10324,1,0,0,0,0,0
10327,1,0,0,0,0,0
10328,1,0,0,0,0,0
10330,0,0,0,0,0,0
10331,0,1,0,0,0,0
10340,0,1,0,0,0,0
10347,1,0,0,0,0,0
10353,1,1,0,0,0,0
10359,0,0,0,1,0,0
10361,1,1,0,0,0,0
10366,0,0,0,0,0,0
10378,0,0,0,1,0,0
10388,0,1,0,0,0,0
10390,1,1,0,0,0,0
10397,0,0,0,1,0,0
10400,0,0,0,0,0,0
10401,0,0,0,1,0,0
10404,0,0,0,1,0,0
10405,1,1,0,0,0,0
10412,1,0,0,0,0,0
10420,1,0,0,0,0,0
10425,0,0,0,0,0,0
10426,0,0,0,0,0,0
10427,0,0,0,0,0,0
10430,0,0,0,1,0,0
10438,1,1,0,0,0,0
10443,0,0,0,0,0,0
10444,0,0,0,0,0,0
10448,0,0,0,0,0,0
10450,0,0,0,0,0,0
10451,0,0,0,0,0,0
10462,0,0,0,1,0,0
10463,1,0,0,0,0,0
10468,0,1,0,0,0,0
10469,0,0,0,0,0,0
10471,0,1,0,0,0,0
10472,0,0,0,1,0,0
10477,0,0,0,0,0,0
10486,0,0,0,0,0,0
10512,0,0,0,1,0,0
10513,1,1,0,0,0,0
10519,0,1,0,0,0,0
10520,1,1,0,0,0,0
10524,1,0,0,0,0,0
10533,0,1,0,0,0,0
10536,1,0,0,0,0,0
10544,1,0,0,0,0,0
10553,0,0,0,0,0,0
10554,0,1,0,0,0,0
10557,0,0,0,0,0,0
10559,0,1,0,0,0,0
10568,0,0,0,0,0,0
10578,1,0,0,0,0,0
10586,1,0,0,0,0,0
10598,0,1,0,0,0,0
10600,1,0,0,0,0,0
10603,0,0,0,0,0,0
10604,0,0,0,0,0,0
10612,0,0,0,0,0,0
10616,0,0,0,0,0,0
10631,1,0,0,0,0,0
10632,0,0,0,0,0,0
10634,0,0,0,0,0,0
10636,0,0,0,1,0,0
10639,0,0,0,0,0,0
10640,1,0,0,0,0,0
10641,0,0,0,0,0,0
10648,1,0,0,0,0,0
10652,0,0,0,1,0,0
10662,0,0,0,0,0,0
10666,0,0,0,0,0,0
10672,1,0,0,0,0,0
10673,0,1,0,0,0,0
10682,0,0,0,1,0,0
10692,0,0,0,0,0,0
10694,0,1,0,0,0,0
10695,0,1,0,0,0,0
10723,1,0,0,0,0,0
10724,0,0,0,0,0,0
10725,0,0,0,0,0,0
10726,0,0,0,0,0,0
10732,0,0,0,0,0,0
10733,0,1,0,0,0,0
10736,1,1,0,0,0,0
10737,0,1,0,0,0,0
10740,0,1,0,0,0,0
10741,0,1,0,0,0,0
10742,0,0,0,0,0,0
10743,1,0,0,0,0,0
10747,0,0,0,0,0,0
10751,0,0,0,0,0,0
10752,0,1,0,0,0,0
10753,0,1,0,0,0,0
10767,0,0,0,0,0,0
10777,0,0,0,0,0,0
10788,0,0,0,0,0,0
10790,0,0,0,0,0,0
10793,0,0,0,0,0,0
10794,0,0,0,0,0,0
10795,0,0,0,0,0,0
10805,0,0,0,0,0,0
10809,0,0,0,0,0,0
10810,0,0,0,0,0,0
10812,0,0,0,0,0,0
10817,1,0,0,0,0,0
10818,1,0,0,0,0,0
10819,1,0,0,0,0,0
10824,0,1,0,0,0,0
10826,0,0,0,1,0,0
10828,0,0,0,0,0,0
10829,0,0,0,0,0,0
10836,0,0,0,0,0,0
10837,0,1,0,0,0,0
10838,1,0,0,0,0,0
10841,0,0,0,0,0,0
10848,0,0,0,0,0,0
10849,1,0,0,0,0,0
10850,1,0,0,0,0,0
10851,1,0,0,0,0,0
10865,1,0,0,0,0,0
10867,0,0,0,0,0,0
10868,0,0,0,0,0,0
10875,1,0,0,0,0,0
10876,0,0,0,0,0,0
10879,0,0,0,0,0,0
10880,0,0,0,0,0,0
10883,1,1,0,0,0,0
10884,0,1,0,0,0,0
10889,1,0,0,0,0,0
10890,0,0,0,0,0,0
10892,0,0,0,0,0,0
10899,0,0,0,1,0,0
10905,0,0,0,0,0,0
10910,0,0,0,0,0,0
10911,0,0,0,1,0,0
10913,0,0,0,0,0,0
10916,0,1,0,0,0,0
10919,1,0,0,0,0,0
10936,0,0,0,0,0,0
10937,0,0,0,0,0,0
10938,1,0,0,0,0,0
10939,0,0,0,0,0,0
10940,0,0,0,0,0,0
10943,0,0,0,1,0,0
10944,0,0,0,1,0,0
10950,0,0,0,1,0,0
10952,0,1,0,0,0,0
10958,0,0,1,0,0,0
10960,0,0,0,0,0,1
10977,0,0,1,0,0,0
10978,0,0,0,0,0,0
10979,0,0,0,0,0,0
10990,1,1,0,0,0,0
10999,0,0,0,1,0,0
11002,0,0,0,0,0,0
11005,0,0,0,1,0,0
11012,0,0,0,0,0,0
11015,0,1,0,0,0,0
11022,0,0,0,0,0,0
11024,0,1,0,0,0,0
11027,0,0,0,0,0,0
11028,1,1,0,0,0,0
11047,0,0,0,0,0,0
11056,0,0,0,0,0,0
11058,0,0,0,0,0,0
11059,1,0,0,0,0,0
11064,0,0,0,0,0,0
11067,0,0,0,0,0,0
11071,0,0,0,0,0,0
11073,0,1,0,0,0,0
11084,0,1,0,0,0,0
11086,0,1,0,0,0,0
11087,0,1,0,0,0,0
11088,0,1,0,0,0,0
11089,0,1,0,0,0,0
11093,0,1,0,0,0,0
11097,0,0,0,0,0,0
11104,0,0,1,0,0,0
11108,0,0,0,0,0,0
11109,0,0,0,0,0,0
11119,1,0,0,0,0,0
11124,0,0,0,0,0,0
11125,0,0,0,0,0,0
11135,0,1,0,0,0,0
11138,0,0,0,0,0,0
11143,0,1,0,0,0,0
11146,0,0,0,0,0,0
11147,1,0,0,0,0,0
11148,1,0,0,0,0,0
11149,1,0,0,0,0,0
11150,0,0,0,0,0,0
11154,1,0,0,0,0,0
11160,0,0,0,0,0,0
11163,0,0,0,0,0,0
11164,0,0,0,0,0,0
11190,1,0,0,0,0,0
11193,0,0,0,0,0,0
11194,0,0,0,0,0,0
11201,1,0,0,0,0,0
11207,0,0,0,0,0,0
11209,0,0,0,1,0,0
11212,0,0,0,0,0,0
11227,0,0,0,0,0,0
11229,0,1,0,0,0,0
11250,0,1,0,0,0,0
11251,0,1,0,0,0,0
11255,0,0,0,0,0,0
11257,0,0,0,1,0,0
11268,1,0,0,0,0,0
11269,1,1,0,0,0,0
11270,0,0,0,0,0,0
11283,0,0,0,0,0,0
11284,1,1,0,0,0,0
11291,1,0,0,0,0,0
11293,0,1,0,0,0,0
11300,0,0,1,0,0,0
11301,0,0,1,0,0,0
11304,1,0,0,0,0,0
11312,0,0,0,0,0,0
11315,0,0,0,1,0,0
11319,0,1,0,0,0,0
11325,0,1,0,0,0,0
11333,1,0,0,0,0,0
11341,0,0,0,0,0,0
11345,1,0,0,0,0,0
11359,0,1,0,0,0,0
11360,1,0,0,0,0,0
11365,0,1,0,0,0,0
11366,0,1,0,0,0,0
11372,0,0,0,0,0,0
11375,1,0,0,0,0,0
11383,1,1,0,0,0,0
11404,1,0,0,0,0,0
11405,1,0,0,0,0,0
11411,0,0,0,0,0,0
11420,1,0,0,0,0,0
11423,0,1,0,0,0,0
11454,1,0,0,0,0,0
11462,1,0,0,0,0,0
11464,0,1,0,0,0,0
11465,1,1,0,0,0,0
11467,0,0,0,0,0,0
11471,0,1,0,0,0,0
11492,0,0,0,0,0,0
11496,0,0,0,0,0,0
11497,0,0,0,0,0,0
11498,1,0,0,0,0,0
11502,0,0,0,0,0,0
11503,0,0,0,0,0,0
11505,0,1,0,0,0,0
11506,1,0,0,0,0,0
11511,0,0,0,1,0,0
11514,0,0,0,0,0,0
11518,0,0,0,0,0,0
11530,0,0,0,0,0,0
11532,0,1,0,0,0,0
11534,0,0,0,0,0,0
11535,0,0,0,0,0,0
11545,0,1,0,0,0,0
11546,0,1,0,0,0,0
11557,1,0,0,0,0,0
11560,0,0,0,0,0,0
11561,0,0,0,0,0,0
11563,0,0,0,0,0,0
11567,0,1,0,0,0,0
11570,0,0,0,0,0,0
11571,0,1,0,0,0,0
11572,1,0,0,0,0,0
11577,1,1,0,0,0,0
11582,1,0,0,0,0,0
11588,0,1,0,0,0,0
11593,1,0,0,0,0,0
11598,1,1,0,0,0,0
11600,0,0,0,0,0,0
11628,0,0,0,0,0,0
11634,0,0,0,0,0,0
11638,0,0,0,0,0,0
11655,0,0,0,1,0,0
11656,0,1,0,0,0,0
11657,1,1,0,0,0,0
11660,0,0,0,0,0,0
11673,1,0,0,0,0,0
11674,0,1,0,0,0,0
11676,1,1,0,0,0,0
11677,0,1,0,0,0,0
11678,0,0,0,0,0,0
11691,0,0,0,0,0,0
11692,0,0,0,0,0,0
11696,0,0,0,0,0,0
11700,0,0,0,0,0,0
11708,0,0,0,0,0,0
11709,0,0,0,0,0,0
11710,1,0,0,0,0,0
11714,1,0,0,0,0,0
11720,0,0,0,0,0,0
11724,0,1,0,0,0,0
11735,0,0,0,0,0,0
11736,1,0,0,0,0,0
11740,0,0,0,0,0,0
11749,0,0,0,1,0,0
11750,0,0,0,1,0,0
11751,0,0,0,1,0,0
11752,1,0,0,0,0,0
11753,1,0,0,0,0,0
11754,0,0,0,0,0,0
11760,0,0,0,1,0,0
11762,0,0,0,0,0,0
11763,0,0,0,0,0,0
11774,0,0,0,0,0,0
11776,1,1,0,0,0,0
11777,0,0,0,0,0,0
11780,0,0,1,0,0,0
11781,0,1,0,0,0,0
11793,0,0,0,0,0,0
11800,0,0,0,0,0,0
11804,0,1,0,0,0,0
11816,1,0,0,0,0,0
11817,0,0,0,0,0,0
11827,0,0,0,0,0,0
11831,1,0,0,0,0,0
11838,1,0,0,0,0,0
11841,0,0,0,0,0,0
11845,1,0,0,0,0,0
11849,0,1,0,0,0,0
11857,0,1,0,0,0,0
11858,0,0,0,0,0,0
11862,0,0,0,1,0,0
11863,0,0,0,0,0,0
11864,0,0,0,0,0,0
11865,0,0,0,0,0,0
11869,1,1,0,0,0,0
11878,1,0,0,0,0,0
11880,1,0,0,0,0,0
11881,1,0,0,0,0,0
11884,0,1,0,0,0,0
11885,0,1,0,0,0,0
11887,0,1,0,0,0,0
11888,0,0,0,0,0,0
11889,1,0,0,0,0,0
11896,0,0,0,0,0,0
11897,0,0,0,0,0,0
11900,1,0,0,0,0,0
11903,1,0,0,0,0,0
11911,1,0,0,0,0,0
11915,0,0,0,0,0,0
11922,0,0,0,0,0,0
11924,0,0,0,0,0,0
11932,0,0,0,0,0,0
11940,0,0,0,0,0,0
11944,0,0,0,0,0,0
11945,0,0,0,0,0,0
11960,0,0,0,0,0,0
11961,0,0,0,0,0,0
11968,0,0,1,0,0,0
11977,0,0,0,0,0,0
11980,0,1,0,0,0,0
11985,1,1,0,0,0,0
11999,0,1,0,0,0,0
12009,0,0,0,0,0,0
12020,1,0,0,0,0,0
12021,1,0,0,0,0,0
12026,0,1,0,0,0,0
12027,0,1,0,0,0,0
12032,1,0,0,0,0,0
12033,1,0,0,0,0,0
12034,0,1,0,0,0,0
12062,0,0,0,0,0,1
12065,0,0,0,0,0,0
12067,1,0,0,0,0,0
12068,1,0,0,0,0,0
12069,1,0,0,0,0,0
12071,1,0,0,0,0,0
12075,0,0,0,0,0,0
12077,1,0,0,0,0,0
12081,0,0,0,1,0,0
12085,0,1,0,0,0,0
12087,0,0,0,1,0,0
12101,0,0,0,0,0,0
12112,0,1,0,0,0,0
12115,1,0,0,0,0,0
12116,0,0,0,0,0,0
12118,0,0,0,0,0,0
12125,0,0,0,0,0,0
12128,1,0,0,0,0,0
12129,0,0,0,1,0,0
12134,1,0,0,0,0,0
12135,1,0,0,0,0,0
12136,0,0,0,0,0,0
12137,1,1,0,0,0,0
12138,1,1,0,0,0,0
12140,0,0,0,1,0,0
12141,0,0,0,0,0,0
12147,0,0,0,0,0,0
12150,1,0,0,0,0,0
12156,0,0,0,0,0,0
12157,0,0,0,0,0,0
12164,1,0,0,0,0,0
12175,0,0,0,0,0,0
12176,0,0,0,0,0,0
12177,1,0,0,0,0,0
12181,0,0,0,0,0,0
12182,1,0,0,0,0,0
12185,0,0,0,0,0,0
12186,0,0,0,0,0,0
12188,1,0,0,0,0,0
12193,0,0,0,0,0,0
12203,1,0,0,0,0,0
12204,1,0,0,0,0,0
12209,0,0,0,0,0,0
12214,0,1,0,0,0,0
12216,0,0,0,0,0,0
12217,1,0,0,0,0,0
12224,0,0,0,0,0,0
12234,1,0,0,0,0,0
12236,0,0,0,0,0,0
12245,0,0,0,1,0,0
12247,1,0,0,0,0,0
12249,1,0,0,0,0,0
12250,1,0,0,0,0,0
12251,0,0,0,0,0,0
12252,0,0,1,0,0,0
12257,1,0,0,0,0,0
12265,0,0,0,0,0,0
12273,0,0,0,0,0,0
12277,0,0,0,0,0,0
12279,0,0,0,1,0,0
12280,0,0,0,0,0,0
12283,1,0,0,0,0,0
12285,0,1,0,0,0,0
12294,0,0,0,0,0,0
12298,0,0,0,1,0,0
12303,0,1,0,0,0,0
12304,0,1,0,0,0,0
12305,0,1,0,0,0,0
12307,0,0,0,0,0,0
12309,0,0,0,0,0,0
12313,0,0,0,0,0,0
12322,0,0,0,0,0,0
12324,0,1,0,0,0,0
12329,0,0,0,0,0,0
12330,0,0,0,0,0,0
12331,1,1,0,0,0,0
12344,0,1,0,0,0,0
12346,0,0,0,0,0,0
12347,0,0,0,0,0,0
12369,0,0,1,0,0,0
12375,1,0,0,0,0,0
12376,0,0,0,0,0,0
12377,0,0,0,0,0,0
12378,0,1,0,0,0,0
12382,1,0,0,0,0,0
12384,0,0,0,1,0,0
12387,1,1,0,0,0,0
12388,1,0,0,0,0,0
12390,0,0,0,0,0,0
12400,0,0,0,1,0,0
12401,1,0,0,0,0,0
12413,0,0,0,0,0,0
12424,0,0,0,0,0,0
12426,0,0,0,0,0,0
12432,0,0,0,0,0,0
12433,0,0,0,0,1,0
12434,1,1,0,0,0,0
12441,0,0,0,0,0,0
12442,0,0,0,0,0,0
12461,0,0,0,0,0,0
12469,0,1,0,0,0,0
12473,0,0,0,0,0,0
12475,0,1,0,0,0,0
12476,0,1,0,0,0,0
12478,1,0,0,0,0,0
12489,1,0,0,0,0,0
12500,0,0,0,0,0,0
12503,0,0,0,0,0,0
12504,0,0,0,0,0,0
12515,0,0,0,0,0,0
12516,0,1,0,0,0,0
12519,1,0,0,0,0,0
12520,0,0,0,0,0,0
12521,1,0,0,0,0,0
12526,1,1,0,0,0,0
12532,0,1,0,0,0,0
12534,0,0,0,0,0,0
12536,1,1,0,0,0,0
12539,1,0,0,0,0,0
12540,0,0,0,0,0,0
12547,0,0,0,0,0,0
12549,1,0,0,0,0,0
12551,1,0,0,0,0,0
12552,0,0,0,0,0,0
12556,0,1,0,0,0,0
12557,0,1,0,0,0,0
12561,0,0,0,0,0,0
12568,1,0,0,0,0,0
12574,0,0,0,0,0,0
12575,0,0,0,0,0,0
12582,1,0,0,0,0,0
12583,0,0,0,0,0,0
12584,1,0,0,0,0,0
12586,1,0,0,0,0,0
12587,0,0,0,0,0,0
12588,0,0,0,0,0,0
12590,1,0,0,0,0,0
12591,1,0,0,0,0,0
12597,1,0,0,0,0,0
12606,0,0,0,1,0,0
12609,0,0,0,1,0,0
12610,1,0,0,0,0,0
12616,0,1,0,0,0,0
12625,0,0,0,0,0,0
12627,0,1,0,0,0,0
12628,0,1,0,0,0,0
12630,1,0,0,0,0,0
12636,1,0,0,0,0,0
12640,1,1,0,0,0,0
12641,1,0,0,0,0,0
12642,1,0,0,0,0,0
12660,1,0,0,0,0,0
12662,1,0,0,0,0,0
12666,0,0,0,0,0,0
12672,0,0,0,0,0,0
12683,0,1,0,0,0,0
12686,0,0,0,0,0,0
12688,0,1,0,0,0,0
12695,0,0,0,0,0,0
12697,0,0,0,0,0,0
12701,1,0,0,0,0,0
12710,0,0,0,0,0,0
12711,0,1,0,0,0,0
12712,0,0,0,0,0,0
12716,0,0,0,1,0,0
12717,0,0,0,0,0,0
12727,1,0,0,0,0,0
12728,0,0,0,0,0,0
12730,1,0,0,0,0,0
12731,1,0,0,0,0,0
12733,0,0,0,0,0,0
12737,1,0,0,0,0,0
12738,1,0,0,0,0,0
12741,1,1,0,0,0,0
12743,0,0,0,0,0,0
12744,1,0,0,0,0,0
12745,0,0,0,0,0,0
12749,0,0,0,0,0,0
12750,0,0,0,0,0,0
12751,0,0,0,0,0,0
12754,0,1,0,0,0,0
12758,0,1,0,0,0,0
12764,0,0,0,0,0,0
12783,0,0,0,0,0,0
12788,1,0,0,0,0,0
12791,0,0,0,0,0,0
12792,0,0,0,0,0,0
12794,0,0,0,0,0,0
12797,0,0,1,0,0,0
12816,0,0,0,0,0,0
12835,0,0,0,0,0,0
12862,0,0,0,0,0,0
12863,0,0,0,0,0,0
12871,0,0,0,0,0,0
12872,0,0,0,0,0,1
12880,1,0,0,0,0,0
12888,0,1,0,0,0,0
12910,1,1,0,0,0,0
12923,0,1,0,0,0,0
12941,0,0,0,1,0,0
12942,0,0,0,0,0,0
12943,1,0,0,0,0,0
12944,0,0,0,0,0,0
12946,0,0,0,0,0,0
12958,0,0,0,0,0,0
12959,0,0,0,0,0,0
12960,0,0,0,0,0,0
12980,0,0,0,0,0,0
13000,0,0,0,0,0,0
13004,0,0,0,0,0,0
13006,1,1,0,0,0,0
13008,0,0,0,0,0,0
13012,0,1,0,0,0,0
13013,0,1,0,0,0,0
13014,0,1,0,0,0,0
13015,0,0,0,0,0,0
13022,0,0,0,1,0,0
13026,0,0,0,0,0,0
13035,0,1,0,0,0,0
13036,1,0,0,0,0,0
13050,0,0,0,0,0,0
13052,0,1,0,0,0,0
13055,0,0,0,0,0,0
13066,1,0,0,0,0,0
13069,0,0,0,0,0,0
13073,0,0,0,0,0,0
13079,0,1,0,0,0,0
13103,0,1,0,0,0,0
13112,0,0,0,0,0,0
13123,0,1,0,0,0,0
13124,0,1,0,0,0,0
13125,0,1,0,0,0,0
13129,1,0,0,0,0,0
13147,0,0,0,1,0,0
13152,0,1,0,0,0,0
13153,0,1,0,0,0,0
13164,0,0,1,0,0,0
13168,0,1,0,0,0,0
13169,0,1,0,0,0,0
13172,0,0,0,0,0,0
13174,0,0,0,0,0,0
13177,0,0,0,0,0,0
13185,1,0,0,0,0,0
13187,0,1,0,0,0,0
13200,0,0,1,0,0,0
13203,0,1,0,0,0,0
13226,0,0,0,0,0,0
13227,1,0,0,0,0,0
13229,0,1,0,0,0,0
13231,0,0,1,0,0,0
13232,0,0,0,0,0,0
13237,0,0,0,0,0,0
13238,0,0,0,0,0,0
13242,0,0,0,0,0,0
13247,0,0,0,1,0,0
13252,0,1,0,0,0,0
13254,1,0,0,0,0,0
13256,0,1,0,0,0,0
13263,0,1,0,0,0,0
13274,0,0,0,0,0,0
13279,0,0,0,0,0,0
13280,0,0,0,0,0,0
13281,0,0,0,0,0,0
13286,0,0,0,0,0,0
13291,0,0,0,1,0,0
13294,0,0,0,0,0,0
13307,0,0,0,1,0,0
13309,0,1,0,0,0,0
13311,0,1,0,0,0,0
13315,0,0,0,0,0,0
13318,0,0,0,0,0,1
13343,0,0,0,0,0,0
13352,1,1,0,0,0,0
13354,0,0,0,0,0,0
13356,0,1,0,0,0,0
13363,0,0,0,0,0,0
13368,1,0,0,0,0,0
13369,0,0,0,0,0,0
13370,0,0,0,0,0,0
13379,0,0,0,0,0,0
13383,0,0,0,1,0,0
13384,0,0,0,0,0,0
13392,0,0,0,0,0,0
13400,1,1,0,0,0,0
13401,1,1,0,0,0,0
13403,1,0,0,0,0,0
13404,0,0,0,0,0,0
13412,0,0,0,0,0,0
13420,0,0,0,0,0,0
13421,0,0,0,0,0,0
13422,0,0,0,0,0,0
13425,0,0,0,0,0,0
13428,0,0,0,0,0,0
13438,0,1,0,0,0,0
13445,0,0,0,1,0,0
13458,0,0,0,0,0,0
13462,1,0,0,0,0,0
13463,1,0,0,0,0,0
13469,0,1,0,0,0,0
13475,0,1,0,0,0,0
13479,0,0,0,0,0,0
13487,0,1,0,0,0,0
13490,0,1,0,0,0,0
13494,0,0,0,0,0,0
13495,0,0,0,0,0,0
13518,0,1,0,0,0,0
13520,0,1,0,0,0,0
13537,0,0,0,0,0,0
13579,1,0,0,0,0,0
13580,1,0,0,0,0,0
13585,0,0,0,0,0,0
13586,0,0,0,0,0,0
13587,0,0,0,0,0,0
13588,0,0,0,0,0,0
13589,1,0,0,0,0,0
13590,0,0,0,0,0,0
13592,0,0,0,0,0,0
13593,0,0,0,0,0,0
13594,0,0,0,0,0,0
13606,0,0,0,0,0,0
13607,1,0,0,0,0,0
13608,1,0,0,0,0,0
13609,0,0,0,0,0,0
13612,0,1,0,0,0,0
13614,0,0,0,1,0,0
13618,0,0,0,0,0,0
13622,0,0,0,0,0,0
13628,0,1,0,0,0,0
13631,0,0,0,1,0,0
13639,1,0,0,0,0,0
13655,0,0,0,0,0,0
13671,0,0,0,0,0,0
13673,1,1,0,0,0,0
13685,0,0,0,0,0,0
13688,1,0,0,0,0,0
13690,0,0,0,0,0,0
13710,1,0,0,0,0,0
13711,1,0,0,0,0,0
13717,0,0,0,0,0,0
13726,0,0,0,1,0,0
13727,1,1,0,0,0,0
13731,0,0,0,0,0,0
13732,0,0,0,0,0,0
13733,0,0,0,0,0,0
13737,0,0,0,1,0,1
13742,0,0,0,0,0,0
13743,1,0,0,0,0,0
13751,0,0,0,0,0,0
13752,1,0,0,0,0,0
13756,0,0,0,0,0,0
13760,0,0,0,0,0,1
13768,0,0,0,0,0,0
13786,0,1,0,0,0,0
13787,0,0,0,0,0,0
13791,0,0,0,0,0,0
13793,1,0,0,0,0,0
13799,0,0,0,0,0,0
13801,0,0,0,0,0,0
13806,0,0,0,1,0,0
13808,0,0,0,0,0,0
13815,0,0,0,0,0,0
13820,0,1,0,0,0,0
13821,1,0,0,0,0,0
13825,1,1,0,0,0,0
13835,1,0,0,0,0,0
13839,1,0,0,0,0,0
13848,0,1,0,0,0,0
13854,0,1,0,0,0,0
13856,0,1,0,0,0,0
13868,0,0,1,0,0,0
13871,0,0,1,0,0,0
13885,1,1,0,0,0,0
13887,0,0,0,0,0,0
13888,0,0,1,0,0,0
13889,0,0,0,0,0,0
13890,0,0,1,0,0,0
13900,0,0,0,1,0,0
13904,0,0,1,0,0,0
13907,0,0,0,0,0,0
13921,1,0,0,0,0,0
13930,0,0,1,0,0,0
13935,0,0,0,0,0,0
13936,0,0,0,0,0,0
13947,0,0,0,0,0,0
13950,0,0,0,0,0,0
13951,1,0,0,0,0,0
13953,0,0,0,0,0,0
13955,0,0,0,0,0,0
13959,0,1,0,0,0,0
13963,1,0,0,0,0,0
13991,0,0,0,0,0,0
13995,0,0,0,0,0,0
13996,0,0,0,1,0,0
14000,0,0,0,0,0,0
14008,0,0,0,0,0,0
14016,0,0,1,0,0,0
14038,0,0,0,0,0,0
14039,0,1,0,0,0,0
14053,0,0,0,1,0,0
14055,0,0,0,0,0,0
14056,0,0,1,0,0,0
14067,0,0,0,0,0,0
14075,1,0,0,0,0,0
14086,0,0,0,0,0,0
14087,0,0,0,0,0,0
14101,1,0,0,0,0,0
14109,1,0,0,0,0,0
14110,0,0,1,0,0,0
14115,0,0,0,0,0,0
14119,0,0,0,0,0,0
14131,0,0,0,0,0,0
14135,0,0,0,0,0,0
14137,0,0,0,0,0,0
14138,0,1,0,0,0,0
14139,0,1,0,0,0,0
14147,1,0,0,0,0,0
14148,1,0,0,0,0,0
14152,0,0,0,0,0,0
14153,0,1,0,0,0,0
14172,1,0,0,0,0,0
14181,0,0,0,0,0,0
14184,0,0,1,0,0,0
14186,0,0,1,0,0,0
14188,0,0,1,0,0,0
14189,0,0,1,0,0,0
14190,0,0,1,0,0,0
14191,0,0,1,0,0,0
14192,0,0,1,0,0,0
14193,0,0,1,0,0,0
14194,0,0,1,0,0,0
14195,0,0,1,0,0,0
14196,0,0,1,0,0,0
14197,0,0,1,0,0,0
14198,0,0,1,0,0,0
14199,0,0,1,0,0,0
14200,0,0,1,0,0,0
14201,0,0,1,0,0,0
14202,0,0,1,0,0,0
14208,0,0,0,1,0,0
14212,0,1,0,0,0,0
14231,0,0,0,0,0,0
14239,0,0,0,0,0,0
14240,0,0,0,0,0,0
14247,0,0,0,0,0,0
14263,0,0,0,0,0,0
14267,0,0,0,1,0,0
14274,0,0,0,0,0,0
14279,0,0,1,0,0,0
14280,0,0,1,0,0,0
14282,0,1,0,0,0,0
14284,0,0,1,0,0,0
14293,0,0,0,0,0,0
14294,0,0,0,0,0,0
14301,1,1,0,0,0,0
14306,0,0,0,0,0,0
14308,0,0,0,0,0,0
14311,0,0,0,1,0,0
14316,0,1,0,0,0,0
14322,1,0,0,0,0,0
14330,1,1,0,0,0,0
14331,1,0,0,0,0,0
14335,0,0,0,0,0,0
14337,0,0,0,0,0,0
14347,1,1,0,0,0,0
14352,0,1,0,0,0,0
14367,0,0,0,0,0,0
14373,1,0,0,0,0,0
14374,1,0,0,0,0,0
14385,0,1,0,0,0,0
14387,1,0,0,0,0,0
14388,1,0,0,0,0,0
14389,1,0,0,0,0,0
14396,0,0,1,0,0,0
14400,0,0,0,0,0,0
14402,0,0,0,0,0,0
14409,0,0,1,0,0,0
14410,0,0,1,0,0,0
14429,1,0,0,0,0,0
14430,1,0,0,0,0,0
14431,1,0,0,0,0,0
14432,1,0,0,0,0,0
14433,0,1,0,0,0,0
14434,0,0,0,0,0,0
14454,0,0,0,0,0,0
14457,0,0,0,0,0,0
14458,0,0,0,0,0,0
14460,1,1,0,0,0,0
14471,0,0,0,0,0,0
14476,0,1,0,0,0,0
14488,0,0,0,0,0,0
14489,0,0,0,0,0,0
14490,0,0,0,0,0,0
14491,0,0,0,0,0,0
14494,0,0,1,0,0,0
14495,0,0,1,0,0,0
14496,0,0,0,0,0,0
14497,0,0,1,0,0,0
14498,0,0,1,0,0,0
14499,0,0,1,0,0,0
14512,1,0,0,0,0,0
14514,0,1,0,0,0,0
14539,0,0,0,0,0,0
14544,0,0,0,0,0,0
14557,0,1,0,0,0,0
14559,0,0,0,0,0,0
14575,0,0,0,0,0,0
14579,0,0,0,0,0,0
14596,1,0,0,0,0,0
14598,0,1,0,0,0,0
14600,0,0,0,0,0,0
14610,0,0,0,0,0,0
14623,0,0,0,0,0,0
14625,1,0,0,0,0,0
14631,0,0,0,0,0,0
14633,0,1,0,0,0,0
14636,1,0,0,0,0,0
14645,0,0,0,0,0,0
14646,1,0,0,0,0,0
14666,0,1,0,0,0,0
14667,0,0,0,0,0,0
14670,0,0,0,0,0,0
14683,0,0,1,0,0,0
14689,0,1,0,0,0,0
14692,0,0,0,0,0,0
14705,0,0,0,0,0,0
14706,0,0,0,0,0,0
14711,0,0,0,1,0,0
14712,0,0,0,1,0,0
14751,0,0,1,0,0,0
14759,0,0,0,0,0,0
14766,0,0,0,0,0,0
14767,0,0,0,0,0,0
14793,0,0,1,0,0,0
14798,1,0,0,0,0,0
14814,0,0,0,0,0,0
14820,0,1,0,0,0,0
14821,0,1,0,0,0,0
14831,0,1,0,0,0,0
14834,0,0,0,1,0,0
14837,0,0,0,0,0,0
14838,0,0,0,0,0,0
14849,0,0,0,0,0,0
14859,0,0,0,0,0,0
14864,0,1,0,0,0,0
14869,0,0,0,0,0,0
14875,1,0,0,0,0,0
14876,0,0,0,1,0,0
14882,1,1,0,0,0,0
14894,0,0,0,0,0,0
14899,0,0,0,0,0,0
14909,0,0,0,0,0,0
14910,1,0,0,0,0,0
14913,1,0,0,0,0,0
14915,0,1,0,0,0,0
14920,0,0,1,0,0,0
14922,1,1,0,0,0,0
14923,1,1,0,0,0,0
14929,0,0,0,0,0,0
14943,0,0,0,0,0,0
14944,0,0,0,0,0,0
14945,0,0,0,0,0,0
14946,0,0,0,0,0,0
14947,0,0,0,0,0,0
14948,0,0,0,0,0,0
14952,0,0,0,0,0,0
14969,0,0,0,1,0,0
14979,1,0,0,0,0,0
14987,1,0,0,0,0,0
15002,0,0,0,0,0,0
15005,1,0,0,0,0,0
15010,0,0,0,0,0,0
15014,1,0,0,0,0,0
15020,0,1,0,0,0,0
15023,0,0,0,0,0,0
15025,0,1,0,0,0,0
15031,1,0,0,0,0,0
15035,0,0,1,0,0,0
15037,1,0,0,0,0,0
15040,1,0,0,0,0,0
15045,0,0,0,0,0,0
15046,1,0,0,0,0,0
15051,0,0,0,0,0,0
15052,0,1,0,0,0,0
15053,1,0,0,0,0,0
15058,1,1,0,0,0,0
15059,1,0,0,0,0,0
15060,1,1,0,0,0,0
15061,1,0,0,0,0,0
15062,1,0,0,0,0,0
15063,1,0,0,0,0,0
15064,1,1,0,0,0,0
15066,1,0,0,0,0,0
15067,0,0,0,0,0,0
15068,0,1,0,0,0,0
15071,0,0,0,0,0,0
15072,0,0,0,0,0,0
15076,0,0,0,0,0,0
15077,0,0,0,0,0,0
15094,0,1,0,0,0,0
15096,1,0,0,0,0,0
15104,1,0,0,0,0,0
15119,0,0,0,0,0,0
15120,0,0,0,0,0,0
15129,0,0,0,0,0,0
15130,0,0,0,0,0,0
15132,0,1,0,0,0,0
15137,0,0,0,0,0,0
15138,1,0,0,0,0,0
15144,1,0,0,0,0,0
15145,0,1,0,0,0,0
15155,0,1,0,0,0,0
15156,0,1,0,0,0,0
15170,0,0,0,0,0,0
15173,0,0,0,0,0,0
15180,0,1,0,0,0,0
15181,0,0,0,0,0,0
15182,1,1,0,0,0,0
15183,1,1,0,0,0,0
15184,0,1,0,0,0,0
15185,0,1,0,0,0,0
15187,1,0,0,0,0,0
15201,0,0,0,0,0,0
15203,0,0,1,0,0,0
15204,0,0,1,0,0,0
15213,0,0,0,0,0,0
15217,0,0,0,0,0,0
15225,1,0,0,0,0,0
15230,0,0,0,0,0,0
15233,0,0,0,1,0,0
15238,0,0,0,0,0,0
15244,1,0,0,0,0,0
15257,0,0,0,0,0,0
15262,0,1,0,0,0,0
15263,1,0,0,0,0,0
15264,0,0,0,1,0,0
15289,0,0,0,1,0,0
15293,0,0,0,1,0,0
15295,0,0,0,1,0,0
15298,0,0,0,0,0,0
15308,0,0,0,1,0,0
15311,0,0,0,0,0,0
15312,0,0,0,0,0,0
15322,0,1,0,0,0,0
15329,0,0,0,0,0,0
15332,1,0,0,0,0,0
15335,0,1,0,0,0,0
15344,0,1,0,0,0,0
15346,0,0,0,0,0,0
15348,1,0,0,0,0,0
15351,1,0,0,0,0,0
15358,0,0,0,0,0,0
15363,1,0,0,0,0,0
15364,1,0,0,0,0,0
15365,0,0,0,0,0,0
15370,0,0,0,0,0,0
15375,0,1,0,0,0,0
15376,0,1,0,0,0,0
15386,0,0,0,0,0,0
15393,1,0,0,0,0,0
15396,0,0,0,1,0,0
15403,0,0,0,0,0,0
15414,0,0,0,0,0,0
15415,0,0,0,0,0,0
15420,1,1,0,0,0,0
15421,1,1,0,0,0,0
15422,1,1,0,0,0,0
15423,0,1,0,0,0,0
15424,0,1,0,0,0,0
15436,0,1,0,0,0,0
15439,0,0,0,1,0,0
15455,0,0,0,0,0,0
15457,0,1,0,0,0,0
15468,0,1,0,0,0,0
15480,1,0,0,0,0,0
15486,1,0,0,0,0,0
15487,1,0,0,0,0,0
15495,1,0,0,0,0,0
15497,1,0,0,0,0,0
15505,1,0,0,0,0,0
15506,0,1,0,0,0,0
15507,0,0,0,1,0,0
15512,0,0,0,0,0,0
15516,1,0,0,0,0,0
15518,0,0,0,0,0,0
15522,1,1,0,0,0,0
15530,1,1,0,0,0,0
15533,1,0,0,0,0,0
15534,0,1,0,0,0,0
15535,0,1,0,0,0,0
15538,0,1,0,0,0,0
15539,1,0,0,0,0,0
15544,0,1,0,0,0,0
15547,0,0,0,1,0,0
15549,1,0,0,0,0,0
15550,0,0,0,0,0,0
15551,0,0,0,0,0,0
15552,0,0,0,0,0,0
15554,1,0,0,0,0,0
15557,0,0,0,0,0,0
15559,0,1,0,0,0,0
15561,1,0,0,0,0,0
15562,1,0,0,0,0,0
15564,0,0,0,0,0,0
15565,0,0,0,0,0,0
15566,0,0,0,0,0,0
15568,0,0,0,0,0,0
15571,0,0,0,0,0,0
15573,0,0,1,0,0,0
15574,0,0,1,0,0,0
15575,1,0,0,0,0,0
15577,0,0,0,0,0,0
15586,0,0,0,0,0,0
15594,0,1,0,0,0,0
15595,0,0,0,0,0,0
15608,0,0,0,1,0,0
15609,0,1,0,0,0,0
15613,1,1,0,0,0,0
15616,1,0,0,0,0,0
15617,1,0,0,0,0,0
15625,1,0,0,0,0,0
15626,1,0,0,0,0,0
15633,0,1,0,0,0,0
15634,0,0,0,1,0,0
15643,0,0,0,0,0,0
15646,0,0,0,0,0,0
15647,0,0,0,0,0,0
15648,0,0,0,0,0,0
15649,0,0,0,0,0,0
15651,0,0,0,0,0,0
15652,0,0,0,0,0,0
15653,0,1,0,0,0,0
15656,0,0,0,0,0,0
15659,0,0,0,0,0,0
15660,0,1,0,0,0,0
15661,0,1,0,0,0,0
15662,0,0,0,0,0,0
15668,1,0,0,0,0,0
15671,1,0,0,0,0,0
15681,1,1,0,0,0,0
15691,1,1,0,0,0,0
15695,0,0,1,0,0,0
15697,0,1,0,0,0,0
15698,0,0,0,0,0,0
15699,0,0,0,0,0,0
15715,1,0,0,0,0,0
15721,0,1,0,0,0,0
15730,0,0,0,0,0,0
15731,1,1,0,0,0,0
15737,0,0,0,0,0,0
15764,0,0,0,0,0,0
15780,1,0,0,0,0,0
15788,0,0,1,0,0,0
15789,0,0,0,0,0,0
15806,1,0,0,0,0,0
15808,0,0,0,0,0,0
15819,0,0,0,0,0,0
15855,0,1,0,0,0,0
15856,1,0,0,0,0,0
15857,0,1,0,0,0,0
15864,0,1,0,0,0,0
15870,0,1,0,0,0,0
15880,0,0,0,0,0,0
15882,0,0,0,0,0,0
15887,1,0,0,0,0,0
15890,1,1,0,0,0,0
15893,0,0,0,0,0,0
15898,0,0,0,0,0,0
15908,1,0,0,0,0,0
15909,0,0,0,0,0,0
15911,1,0,0,0,0,0
15912,1,1,0,0,0,0
15914,0,0,0,0,0,0
15924,1,0,0,0,0,0
15928,0,0,0,0,0,0
15929,1,0,0,0,0,0
15932,1,0,0,0,0,0
15942,0,0,0,0,0,0
15961,0,1,0,0,0,0
15962,1,0,0,0,0,0
15964,0,1,0,0,0,0
15968,0,0,0,1,0,0
15975,0,0,0,0,0,0
15976,0,0,0,0,0,0
15980,1,1,0,0,0,0
15993,0,1,0,0,0,0
16001,1,0,0,0,0,0
16006,0,0,0,0,0,0
16008,0,1,0,0,0,0
16023,0,0,0,0,0,0
16033,0,0,0,0,0,0
16040,0,0,1,0,0,0
16050,1,0,0,0,0,0
16051,0,0,0,0,0,0
16068,1,0,0,0,0,0
16076,1,0,0,0,0,0
16077,0,0,0,0,0,0
16087,1,0,0,0,0,0
16088,0,0,0,0,0,0
16094,0,1,0,0,0,0
16117,0,0,0,1,0,0
16118,1,0,0,0,0,0
16119,1,0,0,0,0,0
16120,0,0,0,0,0,0
16121,1,1,0,0,0,0
16131,0,0,0,0,0,0
16138,0,0,0,0,0,0
16139,0,0,0,0,0,0
16140,0,0,0,0,0,0
16144,0,0,0,0,0,0
16145,0,0,0,0,0,0
16163,1,0,0,0,0,0
16164,1,0,0,0,0,0
16165,1,0,0,0,0,0
16172,0,0,0,0,0,0
16179,0,0,0,0,0,0
16181,0,0,0,0,0,0
16188,1,0,0,0,0,0
16189,0,1,0,0,0,0
16195,0,0,0,0,0,0
16198,0,0,0,0,0,0
16226,0,0,0,0,0,0
16266,0,0,0,0,0,0
16267,0,0,0,1,0,0
16268,1,0,0,0,0,0
16272,0,1,0,0,0,0
16274,0,1,0,0,0,0
16279,0,0,0,0,0,0
16280,1,0,0,0,0,0
16281,1,0,0,0,0,0
16284,0,1,0,0,0,0
16294,0,1,0,0,0,0
16295,0,1,0,0,0,0
16296,0,1,0,0,0,0
16300,1,0,0,0,0,0
16302,0,0,0,0,0,0
16305,0,0,0,1,0,0
16310,1,1,0,0,0,0
16315,0,0,0,0,0,0
16318,0,0,0,0,0,0
16319,0,0,0,0,0,0
16321,0,0,0,1,0,0
16324,0,0,0,0,0,0
16329,0,0,0,0,0,0
16346,1,1,0,0,0,0
16352,0,0,0,1,0,0
16357,0,0,0,0,0,0
16360,0,1,0,0,0,0
16375,0,1,0,0,0,0
16386,1,1,0,0,0,0
16388,1,0,0,0,0,0
16391,1,1,0,0,0,0
16398,0,0,0,0,0,0
16408,1,0,0,0,0,0
16411,0,0,0,0,0,0
16412,0,0,0,0,0,0
16417,0,0,0,0,0,0
16424,0,1,0,0,0,0
16428,0,0,0,1,0,0
16431,0,0,0,0,0,0
16441,0,0,0,0,0,0
16446,0,0,1,0,0,0
16447,0,1,0,0,0,0
16457,0,0,0,0,0,0
16471,0,0,0,0,0,0
16472,1,0,0,0,0,0
16474,1,0,0,0,0,0
16477,0,0,0,0,0,0
16480,0,1,0,0,0,0
16484,1,0,0,0,0,0
16486,0,0,0,1,0,0
16489,1,1,0,0,0,0
16491,1,0,0,0,0,0
16492,1,0,0,0,0,0
16498,0,0,0,0,0,0
16506,1,1,0,0,0,0
16510,0,0,0,0,0,0
16519,0,0,1,0,0,0
16520,1,0,0,0,0,0
16523,0,0,0,0,0,0
16528,0,0,0,0,0,0
16534,0,0,0,0,0,0
16535,0,1,0,0,0,0
16542,1,0,0,0,0,0
16543,0,0,0,0,0,0
16545,1,1,0,0,0,0
16561,0,0,0,0,0,0
16562,0,0,0,0,0,0
16573,0,1,0,0,0,0
16575,1,0,0,0,0,0
16580,1,0,0,0,0,0
16583,1,0,0,0,0,0
16594,1,0,0,0,0,0
16595,1,0,0,0,0,0
16596,1,0,0,0,0,0
16600,0,0,0,0,0,0
16601,1,1,0,0,0,0
16604,1,0,0,0,0,0
16609,0,0,0,0,0,0
16611,1,1,0,0,0,0
16616,0,0,0,0,0,0
16625,0,1,0,0,0,0
16626,0,1,0,0,0,0
16627,0,1,0,0,0,0
16637,0,0,0,0,0,0
16638,0,0,0,0,0,0
16646,0,0,0,0,0,0
16663,0,1,0,0,0,0
16667,1,0,0,0,0,0
16674,1,0,0,0,0,0
16676,0,1,0,0,0,0
16679,1,0,0,0,0,0
16687,0,0,0,1,0,0
16706,1,0,0,0,0,0
16708,0,1,0,0,0,0
16711,0,1,0,0,0,0
16715,0,0,0,1,0,0
16718,0,1,0,0,0,0
16722,0,0,0,1,0,0
16732,0,0,0,0,0,0
16738,0,1,0,0,0,0
16741,0,0,0,0,0,0
16742,0,0,0,1,0,0
16743,0,0,0,0,0,0
16744,0,0,0,1,0,1
16745,0,0,0,0,0,0
16746,0,0,0,0,0,0
16747,0,0,1,0,0,0
16748,0,0,0,0,0,0
16749,1,0,0,0,0,0
16750,0,0,0,0,0,0
16751,0,0,0,0,0,0
16752,0,0,1,0,0,0
16753,0,0,0,0,0,0
16754,0,0,1,0,0,0
16755,0,0,0,0,0,0
16756,0,0,0,0,0,0
16757,0,0,0,0,0,0
16758,0,0,1,0,0,0
16759,0,0,0,0,0,0
16760,0,0,1,0,0,0
16761,0,0,1,0,0,0
16762,0,0,0,0,0,0
16763,0,0,0,0,0,0
16764,0,0,0,0,0,0
16765,0,0,0,0,0,0
16766,0,0,0,0,0,0
16767,0,0,0,0,0,0
16768,0,0,0,0,0,0
16769,0,0,0,0,0,0
16770,0,0,1,0,0,0
16771,0,0,1,0,0,0
16772,0,0,0,0,0,0
16773,0,0,1,0,0,0
16774,0,0,0,1,0,0
16775,0,0,0,0,0,0
16776,0,0,0,0,0,0
16777,0,0,1,0,0,0
16778,0,0,0,0,0,0
16779,0,0,0,0,0,0
16780,0,0,0,1,0,0
16781,0,0,0,0,0,0
16782,0,0,1,0,0,0
16783,0,0,1,0,0,0
16784,0,0,0,0,0,0
16785,0,0,0,0,0,0
16786,0,0,0,0,0,0
16787,0,0,1,0,0,0
16788,0,0,1,0,0,0
16789,0,0,0,0,0,0
16790,0,0,0,0,0,0
16791,0,0,0,0,0,0
16792,0,0,0,0,0,0
16793,0,0,0,0,0,0
16794,0,0,0,0,0,1
16795,0,0,1,0,0,0
16796,0,0,1,0,0,0
16797,0,0,1,0,0,0
16798,0,0,0,0,0,0
16799,0,0,0,0,0,0
16800,0,0,0,0,0,0
16801,0,0,0,0,0,0
16802,0,0,0,0,0,0
16803,0,0,0,0,0,0
16804,0,0,0,0,0,0
16805,0,0,0,0,0,0
16806,0,0,1,0,0,0
16807,0,0,1,0,0,0
16808,0,0,0,0,0,0
16809,0,0,0,0,0,0
16810,0,0,0,0,0,0
16811,0,0,0,0,0,0
16812,0,0,0,0,0,0
16813,0,0,0,0,0,0
16814,0,0,0,0,0,0
16815,0,0,1,0,0,0
16816,0,0,1,0,0,0
16817,0,0,0,0,0,0
16818,0,0,0,0,0,0
16819,0,0,1,0,0,0
16820,1,0,0,0,0,0
16821,0,0,0,0,0,0
16822,0,0,1,0,0,0
16823,0,0,1,0,0,0
16824,0,0,0,0,0,0
16825,0,0,0,0,0,0
16826,0,0,0,0,0,0
16827,0,0,0,1,0,0
16828,0,0,0,0,0,0
16829,0,0,0,0,0,0
16830,0,0,0,0,0,0
16831,0,0,0,0,0,0
16832,0,0,0,0,0,0
16833,0,0,0,0,0,0
16834,0,0,0,0,0,0
16835,0,0,0,0,0,0
16836,0,0,1,0,0,0
16837,0,0,1,0,0,0
16838,0,0,0,0,0,0
16839,1,1,0,0,0,0
16840,0,0,0,0,0,0
16841,0,0,1,0,0,0
16842,0,0,1,0,0,0
16843,0,0,0,0,0,0
16844,0,0,0,0,0,0
16845,0,0,1,0,0,0
16846,0,0,0,0,0,1
16847,0,0,0,0,0,0
16848,0,0,0,1,0,0
16849,0,0,1,0,0,0
16850,0,0,0,0,0,0
16851,0,0,1,0,0,0
16852,0,0,0,0,0,1
16853,0,0,0,0,0,0
16854,0,0,0,0,0,0
16855,0,0,1,0,0,0
16856,0,0,1,0,0,0
16857,0,0,0,0,0,0
16858,0,0,0,0,0,0
16859,1,0,0,0,0,0
16860,0,0,0,0,0,1
16861,0,0,1,0,0,0
16862,0,0,0,0,0,0
16863,0,0,0,0,0,0
16864,0,0,0,0,0,0
16865,0,0,0,0,0,0
16866,0,0,1,0,0,0
16867,0,0,1,0,0,0
16868,0,0,0,1,0,0
16869,0,0,0,0,0,0
16870,0,0,0,0,0,0
16871,0,0,0,0,0,0
16872,0,0,0,0,0,0
16873,0,0,0,0,0,0
16874,0,0,1,0,0,0
16875,0,0,1,0,0,0
16876,0,0,1,0,0,0
16877,1,0,0,0,0,0
16878,0,0,0,0,0,0
16879,0,0,1,0,0,0
16880,0,0,0,0,0,0
16881,0,0,0,0,0,0
16882,1,0,0,0,0,0
16883,0,0,0,1,0,0
16884,0,0,0,0,0,0
16885,0,0,0,0,0,0
16886,0,0,1,0,0,0
16887,0,0,1,0,0,0
16888,0,0,0,0,0,0
16889,0,0,0,1,0,1
16890,0,0,1,0,0,0
16891,1,0,0,0,0,0
16892,0,0,0,0,0,0
16893,0,0,0,0,0,0
16894,0,0,0,0,0,0
16895,0,0,1,0,0,0
16896,0,0,0,0,0,0
16897,0,0,1,0,0,0
16898,0,0,0,0,0,0
16899,0,0,0,0,0,0
16900,0,0,0,1,0,0
16901,0,0,1,0,0,0
16902,0,0,0,0,0,0
16903,0,0,0,0,0,0
16904,0,0,0,0,0,0
16905,0,0,0,0,0,0
16906,0,0,0,0,0,0
16907,0,0,0,0,0,0
16908,0,0,1,0,0,0
16909,0,0,0,0,0,0
16910,0,0,0,0,0,1
16911,0,0,0,0,0,0
16912,0,0,0,0,0,0
16913,0,0,0,0,0,1
16914,0,0,0,1,0,0
16915,0,0,0,0,0,0
16916,0,0,0,1,0,0
16917,0,0,0,1,0,0
16918,0,0,0,1,0,0
16919,0,0,1,0,0,0
16920,0,0,1,0,0,0
16921,1,0,0,0,0,0
16922,0,0,0,0,0,0
16923,0,0,1,0,0,0
16924,0,0,0,0,0,0
16925,0,0,0,0,0,0
16926,0,0,0,0,0,0
16927,0,0,0,0,0,0
16928,0,0,0,0,0,0
16929,0,0,0,0,0,0
16930,0,0,0,0,0,0
16931,0,0,0,0,0,0
16932,0,0,0,0,0,0
16933,0,0,0,0,0,0
16934,0,0,0,1,0,0
16935,0,0,0,0,0,0
16936,0,0,0,0,0,0
16937,0,0,0,1,0,0
16938,0,0,0,0,0,0
16939,0,0,0,0,0,0
16940,1,0,0,0,0,0
16941,0,0,0,0,0,0
16942,0,0,0,0,0,0
16943,0,0,0,0,0,0
16944,0,0,1,0,0,0
16945,0,0,1,0,0,0
16946,0,0,0,0,0,0
16947,0,0,1,0,0,0
16948,0,0,0,0,0,0
16949,0,0,1,0,0,0
16950,0,0,0,0,0,0
16951,0,0,0,0,0,0
16952,0,0,1,0,0,0
16953,0,0,0,0,0,0
16954,0,0,0,0,0,0
16955,0,0,0,0,0,0
16956,0,0,0,0,0,0
16957,0,0,0,0,0,0
16958,0,0,0,0,0,0
16959,0,0,0,0,0,0
16960,0,0,0,0,0,0
16961,0,0,0,0,0,1
16962,0,0,1,0,0,0
16963,0,0,0,0,0,0
16964,0,0,1,0,0,0
16965,0,0,0,0,0,0
16966,0,0,1,0,0,0
16967,0,0,0,0,0,0
16968,0,0,0,0,0,0
16969,0,0,0,0,0,0
16970,0,0,0,0,0,0
16971,0,0,1,0,0,0
16972,0,0,0,0,0,1
16973,0,0,0,0,0,0
16974,0,0,1,0,0,0
16975,0,0,0,0,0,0
16976,0,0,1,0,0,0
16977,0,0,1,0,0,0
16978,0,0,1,0,0,0
16979,0,0,1,0,0,0
16980,0,0,1,0,0,0
16981,0,0,0,0,0,0
16982,0,0,0,0,0,0
16983,0,0,0,0,0,0
16984,1,0,0,0,0,0
16985,0,0,1,0,0,0
16986,0,0,1,0,0,0
16987,0,0,0,0,0,0
16988,0,0,0,0,0,0
16989,0,0,0,0,0,0
16990,0,0,0,0,0,0
16991,0,0,1,0,0,0
16992,0,0,1,0,0,0
16993,0,0,1,0,0,0
16994,0,0,0,0,0,0
16995,0,0,0,0,0,0
16996,0,0,1,0,0,0
16997,0,0,1,0,0,0
16998,0,0,1,0,0,0
16999,0,0,0,0,0,0
17000,0,0,1,0,0,0
17001,0,0,1,0,0,0
17002,0,0,0,0,0,0
17003,1,1,0,0,0,0
17004,0,0,1,0,0,0
17005,0,0,1,0,0,0
17006,0,0,0,0,0,0
17007,0,0,1,0,0,0
17008,0,0,1,0,0,0
17009,0,0,0,0,0,0
17010,0,0,1,0,0,0
17011,0,0,1,0,0,0
17012,0,0,0,0,0,0
17013,0,0,1,0,0,0
17014,0,0,0,0,0,0
17015,0,0,0,0,0,0
17016,0,0,0,0,0,0
17017,0,0,0,0,0,0
17018,0,0,0,0,0,0
17019,0,0,0,0,0,0
17020,0,0,0,0,0,0
17021,0,0,1,0,0,0
17022,0,0,1,0,0,0
17023,0,0,0,0,0,0
17024,0,0,1,0,0,0
17025,0,0,0,0,0,0
17026,0,0,0,0,0,0
17027,0,0,0,0,0,0
17028,0,0,0,0,0,0
17029,0,0,0,0,0,0
17030,1,0,0,0,0,0
17031,0,0,0,0,0,0
17032,0,0,1,0,0,0
17033,0,0,0,0,0,0
17034,0,0,0,0,0,0
17035,0,0,0,0,0,0
17036,0,0,1,0,0,0
17037,0,0,1,0,0,0
17038,0,0,0,0,0,0
17039,0,0,0,0,0,0
17040,0,0,1,0,0,0
17041,0,0,1,0,0,0
17042,0,0,0,0,0,0
17043,0,0,1,0,0,0
17044,0,0,0,0,0,0
17045,0,0,0,0,0,0
17046,0,0,1,0,0,0
17047,0,0,1,0,0,0
17048,0,0,0,1,0,0
17049,0,0,1,0,0,0
17050,0,0,0,0,0,0
17051,0,1,0,0,0,0
17052,0,0,0,0,0,0
17053,0,0,1,0,0,0
17054,0,0,1,0,0,0
17055,0,0,0,0,0,0
17056,0,0,1,0,0,0
17057,0,0,0,0,0,0
17058,0,0,0,0,0,0
17059,0,0,1,0,0,0
17060,0,0,0,0,0,0
17061,0,0,1,0,0,0
17062,0,0,0,0,0,0
17063,0,0,1,0,0,0
17064,0,0,1,0,0,0
17065,0,0,0,0,0,0
17066,0,0,0,0,0,0
17067,0,0,1,0,0,0
17068,0,0,1,0,0,0
17069,0,0,1,0,0,0
17070,0,0,1,0,0,0
17071,0,0,1,0,0,0
17072,0,0,1,0,0,0
17073,0,0,1,0,0,0
17074,0,0,1,0,0,0
17075,0,0,1,0,0,0
17076,0,0,1,0,0,0
17077,0,0,0,0,0,0
17078,0,0,0,0,0,0
17079,0,0,1,0,0,0
17080,0,0,1,0,0,0
17081,0,0,1,0,0,0
17082,0,0,0,0,0,0
17083,0,0,0,0,0,0
17084,0,0,1,0,0,0
17085,0,0,1,0,0,0
17086,0,0,1,0,0,0
17087,0,0,1,0,0,0
17088,0,0,1,0,0,0
17089,0,0,1,0,0,0
17090,0,0,1,0,0,0
17091,0,0,1,0,0,0
17092,0,0,1,0,0,0
17093,0,0,1,0,0,0
17094,0,0,1,0,0,0
17095,0,0,0,0,0,0
17096,0,0,1,0,0,0
17097,0,0,1,0,0,0
17098,0,0,1,0,0,0
17099,0,0,1,0,0,0
17100,0,0,1,0,0,0
17101,0,0,1,0,0,0
17102,0,0,1,0,0,0
17103,0,0,1,0,0,0
17104,0,0,0,0,0,0
17105,0,0,0,0,0,0
17106,0,0,1,0,0,0
17107,0,0,1,0,0,0
17108,0,0,0,0,0,0
17109,0,0,0,0,0,0
17110,0,0,1,0,0,0
17111,0,0,1,0,0,0
17112,0,0,1,0,0,0
17113,0,0,0,0,0,0
17114,0,0,1,0,0,0
17115,0,0,1,0,0,0
17116,0,0,1,0,0,0
17117,0,0,0,0,0,0
17118,0,0,0,0,0,0
17119,0,0,1,0,0,0
17120,0,0,0,0,0,0
17121,0,0,1,0,0,0
17122,0,0,1,0,0,0
17123,0,0,0,0,0,0
17124,0,0,0,0,0,0
17125,0,0,0,0,0,0
17126,0,0,1,0,0,0
17127,0,0,1,0,0,0
17128,0,0,1,0,0,0
17129,0,0,0,0,0,0
17130,0,0,1,0,0,0
17131,0,0,1,0,0,0
17132,0,0,1,0,0,0
17133,0,0,1,0,0,0
17134,0,0,0,0,0,0
17135,0,0,1,0,0,0
17136,0,0,0,0,0,0
17137,0,0,0,0,0,0
17138,0,0,1,0,0,0
17139,0,0,0,0,0,0
17140,0,0,0,0,0,0
17141,0,0,0,0,0,0
17142,0,0,1,0,0,0
17143,0,0,1,0,0,0
17144,0,0,0,0,0,0
17145,0,0,0,0,0,0
17146,0,0,0,0,0,0
17147,0,0,0,0,0,0
17148,0,0,0,0,0,0
17149,0,0,0,0,0,0
17150,0,0,0,0,0,0
17151,0,0,1,0,0,0
17152,0,0,1,0,0,0
17153,0,0,0,0,0,0
17154,0,0,0,0,0,0
17155,0,0,0,0,0,0
17156,0,0,0,0,0,0
17157,0,0,0,0,0,0
17158,0,0,0,0,0,0
17159,0,0,1,0,0,0
17160,0,0,0,0,0,0
17161,0,0,0,0,0,0
17162,0,0,0,0,0,0
17163,1,0,0,0,0,1
17164,0,0,1,0,0,0
17165,0,0,1,0,0,0
17166,1,0,0,0,0,1
17167,1,0,0,0,0,1
17168,1,0,0,0,0,1
17169,0,0,0,0,0,0
17170,0,0,0,0,0,0
17171,0,0,0,1,0,0
17172,0,0,1,0,0,0
17173,0,0,0,0,0,0
17174,0,0,0,0,0,0
17175,0,0,0,0,0,0
17176,0,0,0,0,0,0
17177,0,0,0,1,0,0
17178,0,0,0,0,0,1
17179,0,0,0,0,0,0
17180,0,0,0,0,0,0
17181,0,1,0,0,0,1
17182,0,0,0,0,0,0
17183,0,0,0,0,0,0
17184,0,0,0,0,0,0
17185,0,0,0,0,0,0
17186,0,0,0,0,0,0
17187,0,0,0,0,0,0
17188,0,0,0,0,0,0
17189,0,0,0,0,0,0
17190,0,0,0,0,0,0
17191,0,0,1,0,0,0
17192,0,0,0,0,0,0
17193,0,0,0,0,0,0
17194,0,0,1,0,0,0
17195,1,0,0,0,0,0
17196,0,0,1,0,0,0
17197,0,0,1,0,0,0
17198,0,0,1,0,0,0
17199,0,0,1,0,0,0
17200,0,0,1,0,0,0
17201,0,0,1,0,0,0
17202,1,0,0,0,0,0
17203,0,0,0,0,0,0
17204,0,0,0,0,0,0
17205,0,0,0,0,0,0
17206,0,0,0,0,0,0
17207,0,0,0,0,0,0
17208,0,0,0,0,0,0
17209,0,0,0,0,0,0
17210,0,0,0,0,0,0
17211,0,0,0,0,0,1
17212,0,0,1,0,0,0
17213,0,0,1,0,0,0
17214,0,0,0,0,0,0
17215,0,0,0,0,0,0
17216,0,0,1,0,0,0
17217,0,0,1,0,0,0
17218,0,0,0,0,0,0
17219,0,0,0,0,0,0
17220,0,0,0,0,0,0
17221,0,0,0,0,0,0
17222,0,0,1,0,0,0
17223,0,0,0,0,0,0
17224,0,0,0,0,0,0
17225,0,0,0,0,0,0
17226,0,0,0,0,0,0
17227,0,0,0,0,0,0
17228,0,0,0,0,0,0
17229,0,0,0,0,0,0
17230,0,0,0,0,0,0
17231,0,0,0,0,0,0
17232,0,0,0,0,0,0
17233,0,0,1,0,0,0
17234,0,0,1,0,0,0
17235,0,0,1,0,0,0
17236,0,0,0,0,0,0
17237,0,0,0,0,0,0
17238,0,0,0,0,0,0
17239,0,0,0,0,0,0
17240,0,0,1,0,0,0
17241,0,0,0,0,0,0
17242,0,0,1,0,0,0
17243,1,0,0,0,0,0
17244,0,0,1,0,0,0
17245,0,0,1,0,0,0
17246,0,0,1,0,0,0
17247,0,0,1,0,0,0
17248,0,0,1,0,0,0
17249,0,0,1,0,0,0
17250,0,0,1,0,0,0
17251,0,0,1,0,0,0
17252,0,0,0,0,0,0
17253,0,0,1,0,0,0
17254,0,0,0,0,0,0
17255,0,0,1,0,0,0
17256,0,0,1,0,0,0
17257,0,0,1,0,0,0
17258,0,0,0,0,0,0
17259,0,0,1,0,0,0
17260,0,0,0,0,0,0
17261,0,0,0,0,0,0
17262,0,0,0,0,0,0
17263,0,0,1,0,0,0
17264,0,0,1,0,0,0
17265,0,0,1,0,0,0
17266,0,0,1,0,0,0
17267,0,0,1,0,0,0
17268,0,0,1,0,0,0
17269,0,0,1,0,0,0
17270,0,0,1,0,0,0
17271,0,0,1,0,0,0
17272,0,0,1,0,0,0
17273,0,0,0,0,0,0
17274,0,0,0,0,0,0
17275,0,0,0,0,0,0
17276,0,0,0,0,0,0
17277,0,0,0,0,0,1
17278,0,0,0,0,0,0
17279,0,0,0,0,0,0
17280,0,0,0,0,0,0
17281,0,0,0,1,0,0
17282,1,0,0,0,0,0
17283,0,0,0,0,0,0
17284,0,0,0,0,0,0
17285,0,0,0,0,0,0
17286,0,0,0,0,0,0
17287,0,0,0,0,0,0
17288,0,0,0,0,0,0
17289,0,0,0,0,0,0
17290,0,0,0,0,0,0
17291,0,0,1,0,0,0
17292,0,0,0,0,0,0
17293,0,0,0,1,0,0
17294,0,0,1,0,0,0
17295,0,0,0,0,0,0
17296,0,0,0,0,0,0
17297,0,0,0,0,0,0
17298,0,0,0,0,0,0
17299,0,0,0,0,0,0
17300,0,0,1,0,0,0
17301,0,0,1,0,0,0
17302,0,0,1,0,0,0
17303,0,0,1,0,0,0
17304,0,0,1,0,0,0
17305,0,0,0,0,0,1
17306,0,0,0,0,0,0
17307,0,0,0,0,0,0
17308,0,0,0,0,0,0
17309,0,0,0,0,0,0
17310,0,0,0,0,0,0
17311,0,0,0,0,0,0
17312,0,0,1,0,0,0
17313,0,0,0,0,0,0
17314,0,0,0,0,0,0
17315,0,0,0,0,0,0
17316,0,0,1,0,0,0
17317,0,0,0,0,0,0
17318,0,0,0,0,0,0
17319,0,0,0,0,0,0
17320,0,0,0,0,0,0
17321,0,0,0,0,0,0
17322,0,0,1,0,0,0
17323,0,0,1,0,0,0
17324,0,0,0,0,0,0
17325,0,0,0,1,0,0
17326,0,0,0,0,0,0
17327,0,0,0,0,0,1
17328,0,0,0,0,0,0
17329,0,0,1,0,0,0
17330,0,0,0,0,0,1
17331,0,0,0,0,0,0
17332,0,0,0,0,0,0
17333,0,0,0,0,0,0
17334,0,0,0,0,0,0
17335,0,0,0,0,0,0
17336,0,0,1,0,0,0
17337,0,0,0,0,0,0
17338,0,0,0,0,0,0
17339,0,0,0,0,0,1
17340,0,0,0,0,0,0
17341,0,0,0,1,0,0
17342,0,0,0,0,0,1
17343,0,0,0,0,0,0
17344,0,0,0,0,0,0
17345,0,0,0,0,0,0
17346,0,0,1,0,0,0
17347,0,0,0,0,0,0
17348,0,0,1,0,0,0
17349,0,0,0,0,0,0
17350,0,0,0,0,0,0
17351,0,0,0,0,0,0
17352,0,0,0,0,0,0
17353,0,0,1,0,0,0
17354,0,0,1,0,0,0
17355,0,0,1,0,0,0
17356,0,0,1,0,0,0
17357,0,0,1,0,0,0
17358,0,0,1,0,0,0
17359,0,0,1,0,0,0
17360,0,0,1,0,0,0
17361,0,0,1,0,0,0
17362,0,0,1,0,0,0
17363,0,0,1,0,0,0
17364,0,0,1,0,0,0
17365,0,0,1,0,0,0
17366,0,0,1,0,0,0
17367,0,0,1,0,0,0
17368,0,0,1,0,0,0
17369,0,0,1,0,0,0
17370,0,0,1,0,0,0
17371,0,0,1,0,0,0
17372,0,0,1,0,0,0
17373,0,0,1,0,0,0
17374,0,0,1,0,0,0
17375,0,0,1,0,0,0
17376,0,0,1,0,0,0
17377,0,0,1,0,0,0
17378,0,0,1,0,0,0
17379,0,0,1,0,0,0
17380,0,0,1,0,0,0
17381,0,0,1,0,0,0
17382,0,0,1,0,0,0
17383,0,0,1,0,0,0
17384,0,0,1,0,0,0
17385,0,0,1,0,0,0
17386,0,0,0,0,0,0
17387,0,0,1,0,0,0
17388,0,0,0,0,0,0
17389,0,0,0,0,0,0
17390,0,0,0,0,0,0
17391,0,0,0,0,0,0
17392,0,0,1,0,0,0
17393,0,0,0,0,0,0
17394,0,0,0,0,0,0
17395,0,0,0,0,0,1
17396,0,0,1,0,0,0
17397,0,0,0,0,0,0
17398,0,0,1,0,0,0
17399,0,0,1,0,0,0
17400,0,0,1,0,0,0
17401,0,0,1,0,0,0
17402,0,0,1,0,0,0
17403,0,0,0,0,0,0
17404,0,0,0,0,0,0
17405,0,0,1,0,0,0
17406,0,0,0,0,0,0
17407,0,0,0,0,0,0
17408,0,0,0,0,0,0
17409,0,0,0,0,0,0
17410,0,0,0,0,0,0
17411,0,0,0,0,0,0
17412,0,0,0,0,0,0
17413,0,0,0,0,0,0
17414,0,0,0,0,0,0
17415,0,0,1,0,0,0
17416,0,0,0,0,0,0
17417,0,0,0,0,0,0
17418,0,0,0,0,0,0
17419,0,0,0,0,0,0
17420,0,0,0,0,0,0
17421,0,0,1,0,0,0
17422,0,0,0,0,0,0
17423,0,0,1,0,0,0
17424,0,0,1,0,0,0
17425,0,0,1,0,0,0
17426,0,0,1,0,0,0
17427,0,0,1,0,0,0
17428,0,0,1,0,0,0
17429,0,0,0,0,0,0
17430,0,0,0,0,0,0
17431,0,0,0,0,0,0
17432,0,0,1,0,0,0
17433,0,0,0,0,0,0
17434,0,0,1,0,0,0
17435,0,0,1,0,0,0
17436,0,0,1,0,0,0
17437,0,0,1,0,0,0
17438,0,0,0,0,0,0
17439,0,0,0,0,0,0
17440,0,0,1,0,0,0
17441,0,0,0,1,0,0
17442,0,0,0,0,0,0
17443,0,0,0,0,0,0
17444,0,0,1,0,0,0
17445,0,0,0,0,0,0
17446,0,0,1,0,0,0
17447,0,0,1,0,0,0
17448,0,0,1,0,0,0
17449,0,0,1,0,0,0
17450,0,0,0,0,0,0
17451,0,0,0,0,0,0
17452,0,0,0,0,0,0
17453,0,0,0,1,0,1
17454,0,0,0,0,0,0
17455,0,0,1,0,0,0
17456,0,0,1,0,0,0
17457,0,0,0,0,0,0
17458,0,0,0,0,0,0
17459,0,0,0,0,0,0
17460,0,0,0,0,0,0
17461,0,0,0,0,0,0
17462,0,0,0,0,0,0
17463,1,0,0,0,0,0
17464,0,0,0,0,0,1
17465,0,0,0,0,0,0
17466,0,0,0,0,0,0
17467,0,0,0,0,0,0
17468,1,0,0,0,0,0
17469,0,0,1,0,0,0
17470,0,0,0,0,0,0
17471,0,0,0,0,0,0
17472,0,0,0,1,0,0
17473,0,0,1,0,0,0
17474,0,0,1,0,0,0
17475,0,0,0,0,0,0
17476,0,0,1,0,0,0
17477,0,0,0,0,0,0
17478,0,0,0,0,0,0
17479,0,0,1,0,0,0
17480,0,1,0,0,0,0
17481,0,0,0,1,0,0
17482,0,0,0,1,0,0
17483,0,1,0,0,0,0
17484,0,0,1,0,0,0
17485,0,0,1,0,0,0
17486,0,0,0,0,0,0
17487,0,0,1,0,0,0
17488,0,0,1,0,0,0
17489,0,0,0,0,0,0
17490,0,0,1,0,0,0
17491,0,0,0,0,0,0
17492,0,0,1,0,0,0
17493,0,0,1,0,0,0
17494,0,0,0,0,0,0
17495,0,0,0,0,0,0
17496,0,0,0,0,0,0
17497,0,0,0,0,0,0
17498,0,0,0,0,0,0
17499,0,0,0,0,0,0
17500,0,0,0,1,0,0
17501,0,0,0,0,0,0
17502,0,0,0,0,1,0
17503,0,0,0,0,0,0
17504,0,0,0,0,1,0
17505,0,1,0,0,0,0
17506,1,0,0,0,0,0
17507,0,0,0,0,0,0
17508,0,0,0,0,0,0
17509,1,0,0,0,0,0
17510,0,0,0,0,0,0
17511,0,0,0,0,0,0
17512,0,0,0,0,0,0
17513,1,0,0,0,0,0
17514,0,0,0,0,0,0
17515,0,0,0,0,0,0
17516,0,0,0,0,0,0
17517,0,0,0,0,0,0
17518,0,0,0,0,0,0
17519,0,0,0,0,0,0
17520,0,0,0,0,0,0
17521,0,0,0,0,0,0
17522,0,0,0,0,0,0
17523,0,0,0,0,0,0
17524,0,0,0,0,0,0
17525,0,0,0,0,0,0
17526,0,0,0,0,0,0
17527,1,0,0,0,0,0
17528,0,0,1,0,0,0
17529,0,0,0,0,0,0
17530,1,0,0,0,0,0
17531,0,0,0,0,0,0
17532,0,0,0,0,0,0
17533,0,0,0,0,0,0
17534,0,0,0,0,0,0
17535,0,0,0,0,0,0
17536,0,0,0,0,0,0
17537,0,0,0,0,0,0
17538,0,0,0,0,0,0
17539,0,0,0,0,0,0
17540,0,0,0,0,0,0
17541,0,0,0,0,0,0
17542,0,0,0,0,0,0
17543,0,0,0,0,0,0
17544,0,0,0,0,0,0
17545,1,0,0,0,0,0
17546,0,0,0,0,0,0
17547,0,0,0,0,0,0
17548,0,0,0,0,0,0
17549,0,0,0,0,0,0
17550,1,0,0,0,0,0
17551,0,0,0,0,0,0
17552,1,0,0,0,0,0
17553,0,0,0,0,0,0
17554,0,0,0,0,0,0
17555,0,0,0,0,0,0
17556,0,0,0,0,0,0
17557,0,0,0,0,0,0
17558,0,0,0,0,0,0
17559,1,0,0,0,0,0
17560,0,1,0,0,0,0
17561,1,0,0,0,0,0
17562,1,0,0,0,0,0
17563,0,0,0,0,0,0
17564,0,0,0,0,0,0
17565,0,0,0,0,0,0
17566,0,0,0,0,0,0
17567,0,0,0,0,0,0
17568,0,0,0,0,0,0
17569,1,0,0,0,0,0
17570,1,0,0,0,0,0
17571,0,0,0,0,1,0
17572,0,0,0,0,0,0
17573,0,0,0,0,0,0
17574,0,0,0,0,0,0
17575,0,0,0,0,0,0
17576,0,0,0,0,0,0
17577,0,0,0,0,0,0
17578,0,0,0,0,0,0
17579,0,0,0,0,0,0
17580,0,0,0,0,0,0
17581,0,0,0,0,0,0
17582,0,0,0,0,0,0
17583,0,0,0,0,0,0
17584,0,0,0,0,0,0
17585,0,0,0,0,0,0
17586,0,0,0,0,0,0
17587,0,0,0,0,0,0
17588,0,0,0,0,0,0
17589,0,0,0,0,0,0
17590,0,0,0,0,0,0
17591,0,0,0,0,0,0
17592,0,0,0,0,0,0
17593,0,0,0,0,0,0
17594,1,0,0,0,0,0
17595,0,0,0,0,0,0
17596,1,0,0,0,0,0
17597,0,0,0,0,0,0
17598,0,0,0,0,0,0
17599,0,0,0,0,0,0
17600,0,0,0,0,0,0
17601,0,1,0,0,0,0
17602,0,0,0,0,0,0
17603,0,0,0,0,0,0
17604,1,0,0,0,0,0
17605,1,0,0,0,0,0
17606,1,0,0,0,0,0
17607,1,0,0,0,0,0
17608,0,0,0,0,0,0
17609,1,0,0,0,0,0
17610,0,0,0,0,0,0
17611,0,0,0,0,0,0
17612,0,0,0,0,0,0
17613,0,0,0,0,0,0
17614,0,0,0,0,0,0
17615,0,0,0,0,0,0
17616,0,0,0,0,0,0
17617,0,0,0,0,0,0
17618,0,0,0,0,0,0
17619,0,0,0,0,0,0
17620,0,0,0,0,0,0
17621,0,0,0,0,0,0
17622,0,0,0,0,0,0
17623,0,0,0,0,0,0
17624,0,0,0,0,0,0
17625,0,0,1,0,0,0
17626,0,1,0,0,0,0
17627,1,0,0,0,0,0
17628,0,0,0,0,0,0
17629,0,0,0,0,0,0
17630,0,0,0,0,0,0
17631,0,0,0,0,0,0
17632,1,0,0,0,0,0
17633,0,0,0,0,0,0
17634,0,1,0,0,0,0
17635,0,1,0,0,0,0
17636,0,0,0,0,0,0
17637,0,0,0,0,0,0
17638,0,0,0,0,0,0
17639,0,0,0,0,0,0
17640,0,0,1,0,0,0
17641,0,1,0,0,0,0
17642,0,0,0,0,0,0
17643,0,0,0,0,0,0
17644,1,0,0,0,0,0
17645,0,0,0,0,0,0
17646,0,0,0,0,0,0
17647,0,0,0,0,0,0
17648,0,0,0,0,0,0
17649,0,0,0,0,0,0
17650,1,0,0,0,0,0
17651,0,0,0,0,0,0
17652,0,0,0,0,0,0
17653,1,0,0,0,0,0
17654,0,0,0,0,0,0
17655,1,0,0,0,0,0
17656,1,0,0,0,0,0
17657,0,0,0,0,0,0
17658,0,0,0,0,0,0
17659,0,0,0,0,0,0
17660,0,0,0,0,0,0
17661,0,0,0,0,0,0
17662,0,0,0,0,0,0
17663,1,0,0,0,0,0
17664,0,0,0,0,0,0
17665,0,0,0,0,0,0
17666,1,0,0,0,0,0
17667,1,0,0,0,0,0
17668,0,0,0,0,0,0
17669,0,0,0,0,0,0
17670,0,0,0,0,0,0
17671,0,0,0,0,0,0
17672,0,0,0,0,0,0
17673,0,0,0,0,0,0
17674,0,0,0,0,0,0
17675,0,1,0,0,0,0
17676,0,0,0,0,0,0
17677,0,0,0,0,0,0
17678,0,1,0,0,0,0
17679,0,0,0,0,0,0
17680,0,0,0,0,0,0
17681,0,0,0,0,0,0
17682,0,0,0,0,0,0
17683,0,0,0,0,0,0
17684,0,0,0,0,0,0
17685,0,0,0,0,0,0
17686,1,0,0,0,0,0
17687,0,0,0,0,0,0
17688,0,0,0,0,0,0
17689,0,0,0,0,0,0
17690,0,0,0,0,0,0
17691,0,0,0,0,0,0
17692,1,0,0,0,0,0
17693,0,0,0,0,0,0
17694,0,0,0,0,0,0
17695,0,0,0,0,0,0
17696,0,1,0,0,0,0
17697,1,0,0,0,0,0
17698,0,0,0,0,0,0
17699,1,0,0,0,0,0
17700,0,0,0,0,0,0
17701,0,0,0,0,0,0
17702,0,0,0,0,0,0
17703,1,0,0,0,0,0
17704,0,0,0,0,0,0
17705,0,0,0,0,0,0
17706,0,1,0,0,0,0
17707,0,0,0,0,0,0
17708,0,0,0,0,0,0
17709,0,0,0,0,0,0
17710,0,0,0,0,0,0
17711,0,0,0,0,0,0
17712,0,0,0,0,0,0
17713,0,0,0,0,0,0
17714,0,0,0,0,0,0
17715,0,0,0,0,0,0
17716,0,0,0,0,0,0
17717,0,0,0,0,0,0
17718,0,0,0,0,0,0
17719,0,0,0,0,0,0
17720,1,0,0,0,0,0
17721,0,0,0,0,0,0
17722,0,0,0,0,0,0
17723,0,0,0,0,0,0
17724,0,0,0,0,0,0
17725,0,0,0,0,0,0
17726,0,0,0,0,0,0
17727,1,0,0,0,0,0
17728,1,0,0,0,0,0
17729,0,0,0,0,1,0
17730,0,0,0,0,0,0
17731,1,0,0,0,0,0
17732,1,0,0,0,0,0
17733,0,0,0,0,0,0
17734,1,0,0,0,0,0
17735,0,0,0,0,0,0
17736,0,0,0,0,0,0
17737,1,0,0,0,0,0
17738,0,0,0,0,0,0
17739,0,1,0,0,0,0
17740,0,0,0,0,0,0
17741,0,1,0,0,0,0
17742,0,1,0,0,0,0
17743,0,1,0,0,0,0
17744,1,1,0,0,0,0
17745,0,1,0,0,0,0
17746,1,1,0,0,0,0
17747,0,1,0,0,0,0
17748,1,1,0,0,0,0
17749,0,1,0,0,0,0
17750,0,0,0,0,0,0
17751,0,1,0,0,0,0
17752,0,1,0,0,0,0
17753,0,1,0,0,0,0
17754,1,0,0,0,0,0
17755,0,1,0,0,0,0
17756,1,1,0,0,0,0
17757,0,0,0,0,0,0
17758,1,1,0,1,0,0
17759,0,0,0,0,0,0
17760,1,1,0,0,0,0
17761,1,1,0,0,0,0
17762,1,1,0,1,0,0
17763,0,1,0,0,0,0
17764,0,1,0,0,0,0
17765,1,0,0,0,0,0
17766,1,0,0,0,0,0
17767,0,1,0,0,0,0
17768,0,1,0,0,0,0
17769,0,1,0,0,0,0
17770,0,1,0,0,0,0
17771,0,1,0,0,0,0
17772,1,1,0,0,0,0
17773,0,1,0,0,0,0
17774,1,0,0,0,0,0
17775,0,1,0,0,0,0
17776,1,0,0,0,0,0
17777,0,0,0,0,0,0
17778,1,0,0,0,0,0
17779,0,1,0,0,0,0
17780,0,1,0,0,0,0
17781,0,1,0,0,0,0
17782,0,1,0,0,0,0
17783,0,1,0,0,0,0
17784,1,1,0,0,0,0
17785,0,0,0,0,0,0
17786,1,1,0,0,0,0
17787,1,1,0,0,0,0
17788,1,1,0,0,0,0
17789,1,1,0,0,0,0
17790,1,1,0,0,0,0
17791,0,0,0,0,0,0
17792,1,1,0,0,0,0
17793,0,1,0,0,0,0
17794,1,1,0,0,0,0
17795,1,1,0,0,0,0
17796,0,0,0,0,0,0
17797,0,1,0,0,0,0
17798,0,1,0,0,0,0
17799,0,0,0,0,0,0
17800,0,1,0,0,0,0
17801,0,1,0,0,0,0
17802,0,0,0,0,0,0
17803,0,1,0,0,0,0
17804,0,1,0,0,0,0
17805,1,1,0,0,0,0
17806,1,1,0,0,0,0
17807,1,1,0,0,0,0
17808,1,1,0,0,0,0
17809,1,1,0,0,0,0
17810,0,1,0,0,0,0
17811,1,0,0,0,0,0
17812,0,0,0,0,0,0
17813,0,1,0,0,0,0
17814,0,1,0,0,0,0
17815,0,1,0,0,0,0
17816,1,0,0,0,0,0
17817,0,1,0,0,0,0
17818,0,1,0,0,0,0
17819,0,1,0,0,0,0
17820,0,1,0,0,0,0
17821,1,1,0,0,0,0
17822,1,1,0,0,0,0
17823,1,0,0,0,0,0
17824,1,1,0,0,0,0
17825,0,0,0,0,0,0
17826,0,0,0,0,0,0
17827,0,1,0,0,0,0
17828,0,1,0,0,0,0
17829,1,0,0,0,0,0
17830,0,0,0,0,0,0
17831,1,0,0,0,0,0
17832,0,0,0,0,0,0
17833,1,1,0,0,0,0
17834,1,0,0,0,0,0
17835,1,1,0,0,0,0
17836,0,1,0,0,0,0
17837,0,1,0,0,0,0
17838,1,1,0,0,0,0
17839,1,1,0,0,0,0
17840,0,0,0,0,0,0
17841,0,0,0,0,0,0
17842,1,1,0,0,0,0
17843,0,1,0,0,0,0
17844,0,0,0,0,0,0
17845,0,0,0,0,0,0
17846,0,1,0,0,0,0
17847,0,1,0,0,0,0
17848,0,0,0,0,0,0
17849,0,1,0,0,0,0
17850,1,1,0,0,0,0
17851,0,1,0,0,0,0
17852,1,0,0,0,0,0
17853,1,1,0,0,0,0
17854,0,0,0,0,0,0
17855,0,1,0,0,0,0
17856,0,0,0,0,0,0
17857,0,0,0,0,0,0
17858,1,1,0,0,0,0
17859,1,0,0,0,0,0
17860,1,0,0,0,0,0
17861,1,1,0,0,0,0
17862,0,0,0,0,0,0
